-- MySQL dump 10.13  Distrib 8.0.37, for Win64 (x86_64)
--
-- Host: localhost    Database: group_hemmy
-- ------------------------------------------------------
-- Server version	5.5.5-10.4.32-MariaDB

/*!40101 SET @OLD_CHARACTER_SET_CLIENT=@@CHARACTER_SET_CLIENT */;
/*!40101 SET @OLD_CHARACTER_SET_RESULTS=@@CHARACTER_SET_RESULTS */;
/*!40101 SET @OLD_COLLATION_CONNECTION=@@COLLATION_CONNECTION */;
/*!50503 SET NAMES utf8mb4 */;
/*!40103 SET @OLD_TIME_ZONE=@@TIME_ZONE */;
/*!40103 SET TIME_ZONE='+00:00' */;
/*!40014 SET @OLD_UNIQUE_CHECKS=@@UNIQUE_CHECKS, UNIQUE_CHECKS=0 */;
/*!40014 SET @OLD_FOREIGN_KEY_CHECKS=@@FOREIGN_KEY_CHECKS, FOREIGN_KEY_CHECKS=0 */;
/*!40101 SET @OLD_SQL_MODE=@@SQL_MODE, SQL_MODE='NO_AUTO_VALUE_ON_ZERO' */;
/*!40111 SET @OLD_SQL_NOTES=@@SQL_NOTES, SQL_NOTES=0 */;

--
-- Table structure for table `client`
--

DROP TABLE IF EXISTS `client`;
/*!40101 SET @saved_cs_client     = @@character_set_client */;
/*!50503 SET character_set_client = utf8mb4 */;
CREATE TABLE `client` (
  `id` int(11) NOT NULL AUTO_INCREMENT,
  `name` varchar(255) NOT NULL,
  `lastName` varchar(255) NOT NULL,
  `dni` varchar(255) NOT NULL,
  `phone` varchar(255) NOT NULL,
  `address` varchar(255) NOT NULL,
  `installationDate` datetime DEFAULT NULL,
  `reference` varchar(255) DEFAULT NULL,
  `paymentDate` datetime DEFAULT NULL,
  `advancePayment` tinyint(4) DEFAULT NULL,
  `status` enum('ACTIVE','SUSPENDED','INACTIVE') NOT NULL DEFAULT 'ACTIVE',
  `description` varchar(255) DEFAULT NULL,
  `created_at` timestamp(6) NOT NULL DEFAULT current_timestamp(6),
  `updated_at` timestamp(6) NOT NULL DEFAULT current_timestamp(6) ON UPDATE current_timestamp(6),
  `planId` int(11) DEFAULT NULL,
  `sectorId` int(11) DEFAULT NULL,
  `routerSerial` varchar(255) DEFAULT NULL,
  `decoSerial` varchar(255) DEFAULT NULL,
  `paymentStatus` enum('SUSPENDED','EXPIRING','EXPIRED','PAID') NOT NULL,
  `initialPaymentDate` datetime DEFAULT NULL,
  `referenceImage` varchar(255) DEFAULT NULL,
  PRIMARY KEY (`id`),
  UNIQUE KEY `IDX_fb529f57900726838c410fa83d` (`dni`),
  KEY `FK_bcf9ab88c1c1ec520623e7856c1` (`planId`),
  KEY `FK_9ddf6e81411dd6a67013009281a` (`sectorId`),
  CONSTRAINT `FK_9ddf6e81411dd6a67013009281a` FOREIGN KEY (`sectorId`) REFERENCES `sectors` (`id`) ON DELETE SET NULL ON UPDATE CASCADE,
  CONSTRAINT `FK_bcf9ab88c1c1ec520623e7856c1` FOREIGN KEY (`planId`) REFERENCES `plans` (`id`) ON DELETE SET NULL ON UPDATE CASCADE
) ENGINE=InnoDB AUTO_INCREMENT=139 DEFAULT CHARSET=utf8mb4 COLLATE=utf8mb4_spanish2_ci;
/*!40101 SET character_set_client = @saved_cs_client */;

--
-- Dumping data for table `client`
--

LOCK TABLES `client` WRITE;
/*!40000 ALTER TABLE `client` DISABLE KEYS */;
INSERT INTO `client` VALUES (1,'Mery Blanca','Chinchay Gomez','41663054','951376951','Carrtera Huantallon','2025-04-28 12:00:00','Antes de a plaza de armas','2025-05-28 12:00:00',1,'ACTIVE','Casa 3 pisos','2025-05-05 09:39:26.956751','2025-05-31 05:00:01.000000',2,2,'','','EXPIRED',NULL,NULL),(2,'Yuli Julissa','Rímac López','75524515','987780017','Calle la soledad s/n','2025-05-04 05:00:00','antes capilla','2026-07-03 05:00:00',1,'ACTIVE','','2025-05-05 11:59:42.113875','2025-06-03 03:06:44.000000',2,2,NULL,NULL,'PAID','2026-06-03 05:00:00',NULL),(3,'Miguel Angel','Regaldo Palma','74357705','948954927','Carretera Huaraz - Caraz ','2025-05-03 05:00:00','Antes del puente de Mullaca','2025-08-03 05:00:00',1,'ACTIVE','','2025-05-05 14:50:45.821721','2025-06-03 03:07:22.000000',2,3,NULL,NULL,'PAID','2025-07-03 05:00:00',NULL),(4,'Eberth Gabriel','Minaya Garcia','44825378','943900818','Carreterea Huaraz - Caraz','2025-05-03 05:00:00','Pasando 2do Puente - Uchuyacu','2025-08-03 05:00:00',1,'ACTIVE','FERRETERIA TECHO ROJO','2025-05-05 20:20:40.249991','2025-06-07 12:35:03.000000',2,4,NULL,NULL,'PAID','2025-06-03 05:00:00',NULL),(5,'Grescia ','Evangelina Salvador','60858237','991438074','Carretera San Miguel','2025-04-28 12:00:00','Segunda Curva','2025-06-16 00:00:00',0,'ACTIVE','','2025-05-05 20:26:42.541257','2025-05-30 23:45:16.000000',3,9,'','','PAID','2025-05-16 00:00:00',NULL),(6,'Edinson ','Atoc Obregon','71926248','928028535','Jr. Miguel Grau ','2025-04-29 00:00:00','Una cuadra despues de la plaza','2025-05-28 00:00:00',1,'ACTIVE','','2025-05-05 20:30:56.269864','2025-05-31 05:00:00.000000',3,10,NULL,NULL,'EXPIRED',NULL,NULL),(7,'Lenin','Linares Leiva','75671429','938231126','Carretera Musho - Tumpa','2025-03-24 05:00:00','Frente a la Puerta Principal del Colegio Musho','2025-05-24 00:00:00',1,'ACTIVE','','2025-05-08 22:47:28.559995','2025-05-31 05:00:00.000000',3,10,'223C9H6002801','-','EXPIRED',NULL,NULL),(8,'Hiber Victor ','Alva Pachas','33342491','943499360','Av. Monterrey Nro. 4997','2025-01-09 05:00:00','Maderera rio santa','2025-02-09 05:00:00',0,'SUSPENDED','','2025-05-09 14:17:06.679041','2025-05-31 05:00:00.000000',2,6,'48575443E82234AC','','SUSPENDED',NULL,NULL),(9,'Flor ','Maguiña Ayala','45889852','910670128','Carrterera Huaraz - Caraz ','2025-03-15 05:00:00','Mullaca','2025-06-15 00:00:00',0,'ACTIVE','','2025-05-09 14:26:40.545883','2025-05-31 05:00:00.000000',2,3,'','','EXPIRED',NULL,NULL),(10,'Keyvin Justo','Minaya Picon','75261732','935224372','Primer entrada a Huantallon','2025-04-08 05:00:00','Casa Rustico','2025-07-07 00:00:00',0,'ACTIVE','','2025-05-09 14:32:25.642064','2025-05-09 14:49:54.000000',2,2,'','','PAID',NULL,NULL),(11,'Alex Manuel ','Blas Colonia ','46262455','976732200','Carretera Huantallon','2025-04-22 00:00:00','Antes de Voltear a la Iglesia ','2025-06-21 00:00:00',1,'ACTIVE','','2025-05-09 14:44:18.073177','2025-05-09 14:47:52.000000',2,2,'09B192AA','','PAID',NULL,NULL),(12,'Daniel Jesus ','Chavez Javier','44049492','978208097','Caserio Santa Rosa','2025-03-29 05:00:00','Primer Rompemuelle','2025-05-29 00:00:00',1,'ACTIVE','','2025-05-09 14:55:28.852989','2025-05-31 05:00:00.000000',2,5,'','','EXPIRED',NULL,NULL),(13,'Denis Patricia ','Cashpa Vega','47104542','924132661','Centro Poblado de Tumpa ','2025-03-10 00:00:00','Costado del Colegio de Tumpa','2025-06-08 00:00:00',0,'ACTIVE','','2025-05-09 18:58:36.544478','2025-05-31 05:00:00.000000',1,10,'','','EXPIRING',NULL,NULL),(14,'Juana','Lopez','14785236','963258741','caserio de itaca','2023-10-05 12:00:00','referebn','2025-06-25 00:00:00',0,'ACTIVE','hola soy descripcion','2025-05-25 00:45:30.991590','2025-07-08 13:55:54.331666',3,2,'137837','93213223','PAID',NULL,NULL),(15,'Franchesca','Vernurim','78523641','963258741','Caserio de Huantalloni','2025-05-23 12:00:00','sin refe','2025-10-22 12:00:00',0,'ACTIVE','sin desc','2025-05-25 01:04:11.535010','2025-07-08 13:55:54.335503',2,4,'137837','94523453453','PAID',NULL,NULL),(16,'Camila','Camleona','12345678','985632147','Caserio de Huantalloni','2025-05-23 12:00:00','ref12','2025-08-24 05:00:00',0,'ACTIVE','dfgdf','2025-05-25 01:06:16.970361','2025-07-08 13:55:54.339556',2,2,'1374873','9634377','PAID',NULL,NULL),(49,'Manzuelo','Pilatos','85236974','985632147','direc 1','2025-05-15 12:00:00','refernte','2025-06-15 00:00:00',0,'ACTIVE','','2025-05-30 23:47:13.455086','2025-05-30 23:51:06.000000',2,3,'','','PAID','2025-05-15 00:00:00',NULL),(50,'Lipoco','Almeño','8523641','963258874','caserios','2025-05-09 12:00:00','referncia caserios','2025-07-28 12:00:00',0,'ACTIVE','shhe','2025-05-31 00:05:44.529460','2025-05-31 04:17:54.000000',3,6,'','','PAID','2025-05-30 00:00:00',NULL),(51,'Fiona','Camerino','96325874','963258741','directo','2025-05-30 12:00:00','sin refe','2025-07-29 12:00:00',0,'ACTIVE','descripciones','2025-05-31 00:38:05.833113','2025-07-08 13:55:54.342506',2,7,'13748637','9345357','EXPIRED','2025-05-29 12:00:00',NULL),(52,'Josefina','Caushi','85236963','956321487','Caserio de Huantalloni','2025-05-01 12:00:00','Codigo124589','2025-07-29 05:00:00',0,'ACTIVE','asd','2025-05-31 00:44:45.829205','2025-05-31 02:52:55.000000',2,2,'','','PAID','2025-05-29 12:00:00',NULL),(53,'Kilomatro','Liponcio','85236417','963258741','directos','2025-05-15 12:00:00','referentes','2025-06-29 05:00:00',0,'ACTIVE','descr','2025-05-31 01:07:07.930268','2025-07-08 13:55:54.345368',3,2,'1337873','9345453','PAID','2025-05-29 12:00:00',NULL),(55,'Fermin','Fiscal','85236418','963258741','dolias','2025-05-30 12:00:00','referencias','2025-07-30 05:00:00',0,'ACTIVE','nose','2025-05-31 01:25:59.628837','2025-07-08 13:55:54.348107',2,2,'','943534','PAID','2025-05-30 12:00:00',NULL),(56,'Delia','Huanca','8526363','963258741','asdas','2025-05-30 12:00:00','sdfsdsdf sdfs','2025-05-31 12:00:00',0,'ACTIVE','','2025-05-31 03:20:47.372725','2025-07-08 13:55:54.350842',3,2,'1374837','943578387','EXPIRING','2025-05-31 12:00:00',NULL),(57,'San Antonio ','Padua','8523649','985632145','olas','2025-05-15 12:00:00','oolass','2025-05-29 12:00:00',0,'ACTIVE','description','2025-05-31 03:23:18.479705','2025-05-31 05:00:00.000000',1,4,'','','EXPIRED','2025-05-29 12:00:00',NULL),(62,'Camila','Martínez','75584011','985632145','sdfsdf','2025-05-30 12:00:00','sdf sdfsd','2025-05-30 12:00:00',0,'ACTIVE','','2025-05-31 04:53:03.073316','2025-07-08 13:55:54.353547',2,2,'12345','94353448','EXPIRING',NULL,NULL),(67,'Jorge','Calle','63528417','963001212','asdasda asdas','2025-05-25 12:00:00','asdasda sda','2025-05-28 12:00:00',0,'ACTIVE','','2025-05-31 04:58:16.776678','2025-05-31 04:58:16.776678',2,2,'','','EXPIRED','2025-05-28 12:00:00',NULL),(69,'Jorge','Calle','63528419','963001212','asdasda asdas','2025-05-25 12:00:00','asdasda sda','2025-05-28 12:00:00',0,'ACTIVE','','2025-05-31 04:58:36.115997','2025-05-31 04:58:36.115997',2,2,'','','EXPIRED','2025-05-28 12:00:00',NULL),(75,'Camila','Padua','78521112','965325888','Caserio de Huantalloni','2025-05-29 12:00:00','','2025-05-29 12:00:00',0,'ACTIVE','','2025-05-31 05:10:39.096913','2025-05-31 05:10:39.096913',2,2,'','','EXPIRED','2025-05-29 12:00:00',NULL),(79,'Josue','Deacruz','96325863','963258741','asd','2025-05-28 12:00:00','referts','2025-05-28 12:00:00',0,'ACTIVE','','2025-05-31 05:16:08.976140','2025-05-31 05:16:08.976140',2,2,'','','EXPIRED','2025-05-28 12:00:00',NULL),(81,'Juan ','Quispe','85263633','963258523','sfsdfs','2025-05-28 12:00:00','dfg','2025-05-28 12:00:00',0,'ACTIVE','dfgdf','2025-05-31 05:22:03.257840','2025-05-31 05:22:03.257840',1,6,'','','EXPIRED','2025-05-28 12:00:00',NULL),(83,'Benedicta','Armalias','85258525','963214545','asd','2025-05-27 12:00:00','','2025-05-27 12:00:00',0,'ACTIVE','','2025-05-31 05:29:23.577535','2025-05-31 05:29:23.577535',2,2,'','','EXPIRED','2025-05-27 12:00:00',NULL),(85,'Relisa','Marquez','63254125','985632146','asd direc','2025-05-27 12:00:00','','2025-05-27 12:00:00',0,'ACTIVE','','2025-05-31 05:31:38.746895','2025-05-31 05:31:38.746895',2,9,'','','EXPIRED','2025-05-27 12:00:00',NULL),(87,'Lilo','comendiate','35684545','963258741','asd asd','2025-05-26 12:00:00','sadfdsa as','2025-05-26 12:00:00',0,'ACTIVE','asdas','2025-05-31 05:32:51.427767','2025-06-02 02:23:04.000000',2,2,'','','EXPIRED','2025-05-26 12:00:00',NULL),(89,'Samanta','Cornejo','12365433','965144545','asd asd','2025-05-25 12:00:00','','2025-05-25 12:00:00',0,'ACTIVE','','2025-05-31 05:36:28.563370','2025-05-31 05:36:28.000000',2,8,'','','EXPIRED','2025-05-25 12:00:00','uploads/clients/bbd8943b.png'),(91,'Feliciana','Amanda','85246333','981631312','nose','2025-05-23 12:00:00','','2025-05-23 12:00:00',0,'ACTIVE','','2025-05-31 05:43:53.680968','2025-05-31 05:43:53.680968',2,2,'','','PAID','2025-05-23 12:00:00',NULL),(93,'Dalila','linamitaa','65231455','994646466','asd asd','2025-05-30 12:00:00','','2025-05-30 12:00:00',0,'ACTIVE','','2025-05-31 05:51:05.759523','2025-05-31 05:51:05.759523',2,6,'','','PAID','2025-05-30 12:00:00',NULL),(95,'Sole','galia','86131232','934546345','ghjghj gh','2025-05-24 12:00:00','','2025-05-24 12:00:00',0,'ACTIVE','','2025-05-31 05:55:25.232834','2025-05-31 05:55:25.232834',3,6,'','','PAID','2025-05-24 12:00:00',NULL),(97,'San Antonio ','Martínez','75584099','985632145','Caserio de Huantalloni','2025-05-23 12:00:00','Codigo124589','2025-05-24 12:00:00',0,'ACTIVE','','2025-05-31 06:03:03.720231','2025-05-31 06:03:03.720231',2,2,'','','PAID','2025-05-24 12:00:00',NULL),(99,'Josias','Almades','85231465','974546453','asdasd asd asd','2025-05-30 12:00:00','sdf s fhsb fhj','2025-05-30 12:00:00',0,'ACTIVE','sgfb hjbsdhj','2025-06-01 00:36:26.403244','2025-06-01 00:36:26.403244',1,5,'','','PAID','2025-05-30 12:00:00',NULL),(101,'Casemiro','Estefanio','85236412','963258741','direccion 23','2025-05-23 12:00:00','refieres','2025-05-23 12:00:00',0,'ACTIVE','','2025-06-01 00:40:24.549301','2025-06-01 00:40:24.549301',3,3,'','','PAID','2025-05-23 12:00:00',NULL),(103,'Matias ','Peralta','45236878','976786784','sdf','2025-05-04 12:00:00','sds','2025-05-05 12:00:00',0,'ACTIVE','','2025-06-01 00:47:37.774965','2025-06-01 00:47:37.774965',2,3,'','','PAID','2025-05-05 12:00:00',NULL),(105,'Camerino','Solano','32164565','965213454','directo','2025-05-25 12:00:00','referente','2025-05-25 12:00:00',0,'ACTIVE','','2025-06-01 00:55:25.386475','2025-06-01 00:55:25.386475',2,3,'','','PAID','2025-05-25 12:00:00',NULL),(107,'Senaida','Zevallos','31546545','987312212','diorectos','2025-05-17 12:00:00','jbasdbkj','2025-05-18 12:00:00',0,'ACTIVE','','2025-06-01 01:03:18.188063','2025-06-01 01:03:18.188063',2,5,'','','PAID','2025-05-18 12:00:00',NULL),(108,'Sonia','CALLUPE','45645466','963258444','ASDF','2025-05-02 12:00:00','','2025-05-03 12:00:00',0,'ACTIVE','','2025-06-01 01:08:48.353869','2025-06-01 01:08:48.353869',2,2,'','','PAID','2025-05-03 12:00:00','uploads/clients/b33bedc9.jpg'),(109,'Frapepe','Perez','85264455','945466556','as','2025-05-09 12:00:00','a','2025-05-16 12:00:00',0,'ACTIVE','','2025-06-01 01:49:19.681396','2025-06-01 01:49:19.681396',2,2,'','','PAID','2025-05-16 12:00:00','uploads/clients/01146e93.jpg'),(110,'Anabel','Carrillo','65231121','963258417','as','2025-05-24 12:00:00','','2025-05-24 12:00:00',0,'ACTIVE','','2025-06-01 01:54:33.894998','2025-06-01 01:54:33.894998',2,3,'','','PAID','2025-05-24 12:00:00','uploads/clients/c127431c.jpg'),(111,'Anastacia','Prado','43543545','946345465','asd sad','2025-05-18 12:00:00','','2025-05-19 12:00:00',0,'ACTIVE','','2025-06-01 01:59:09.237728','2025-06-01 01:59:09.237728',2,9,'','','PAID','2025-05-19 12:00:00','uploads/clients/b320f57f.jpg'),(112,'Carlos','Rodriguez','45656465','987121312','amen','2025-05-10 12:00:00','lolita','2025-05-11 12:00:00',0,'ACTIVE','','2025-06-01 02:05:54.018182','2025-06-01 02:05:54.018182',2,2,'','','PAID','2025-05-11 12:00:00','uploads/clients/6e6c4bfd.jpg'),(114,'Marco','Felipe','45464564','946454645','direc','2025-05-17 12:00:00','','2025-05-17 12:00:00',0,'ACTIVE','','2025-06-01 02:17:33.219010','2025-06-01 02:17:33.219010',2,3,'','','PAID','2025-05-17 12:00:00','uploads/clients/483f7b08.jpg'),(116,'Germania','Fremaz','46449884','946456465','sdf sdfsdf','2025-05-31 12:00:00','6as','2025-05-31 12:00:00',0,'ACTIVE','','2025-06-01 03:04:01.752464','2025-06-01 03:04:01.752464',2,6,'','','PAID','2025-05-31 12:00:00',NULL),(120,'Sandi','Zalzar','13544646','946431225','as','2025-05-01 12:00:00','','2025-05-30 12:00:00',0,'ACTIVE','','2025-06-01 03:11:13.256306','2025-06-01 03:11:13.256306',2,2,'','','PAID','2025-05-30 12:00:00','uploads/clients/d13e31c8.jpg'),(122,'Angel','Zafiro','84654565','978132165','sfsd sdf s','2025-06-01 12:00:00','d','2025-06-01 12:00:00',0,'ACTIVE','','2025-06-01 20:45:55.267594','2025-06-01 20:45:55.267594',2,3,'','','PAID','2025-06-01 12:00:00',NULL),(125,'Lauroaa','Gomelins','65354546','946545456','a as sss','2025-06-01 12:00:00','sssss','2025-06-01 12:00:00',1,'ACTIVE','sssss','2025-06-01 21:13:59.709820','2025-07-08 13:55:54.356179',2,2,'1374378387','943453534','EXPIRED','2025-06-01 12:00:00','uploads/clients/91b05d6a.jpg'),(127,'Julia','Armanda','45646546','974564421','Direccition','2025-06-01 12:00:00','refernte','2025-06-02 12:00:00',0,'ACTIVE','','2025-06-01 21:36:58.235943','2025-06-01 21:36:58.235943',2,3,'','','PAID','2025-06-02 12:00:00','uploads/clients/738aa2b4.jpg'),(130,'Samritana','Alva','54346454','946545411','asdas','2025-06-01 12:00:00','avdfghd','2025-06-13 12:00:00',0,'ACTIVE','','2025-06-01 22:02:01.083237','2025-06-01 22:02:01.083237',3,7,'','','PAID','2025-06-13 12:00:00','uploads/clients/19e67887.jpg'),(132,'Liria','Gumencinda','78213132','974123132','asd','2025-06-01 12:00:00','refer','2025-06-08 12:00:00',0,'ACTIVE','','2025-06-01 22:38:53.239458','2025-06-02 00:49:31.000000',3,9,'','','EXPIRING','2025-06-08 12:00:00','uploads/clients/24ab7217.jpg'),(134,'Felipossrr','Armquimedesassr','43216545','963333564','Direccion almassr','2025-06-01 12:00:00','Referenciasr','2025-06-13 12:00:00',0,'ACTIVE','Descripsion noesssr','2025-06-01 22:53:19.515108','2025-07-08 13:55:54.358832',2,1,'16545632','9435373','PAID','2025-06-08 12:00:00','uploads/clients/77b6aa95.jpg'),(135,'Alejandro ','Magno','23546423','943423111','dre','2025-06-01 12:00:00','refte','2025-06-05 12:00:00',1,'ACTIVE','sdcxvxcv','2025-06-02 02:15:59.666267','2025-07-08 13:55:54.361534',2,4,'18373135','9342045245','EXPIRING','2025-06-05 12:00:00','uploads/clients/720e8a31.jpg'),(136,'Fernanda','Amenazada','32156465','961345466','directo al corazon','2025-06-02 12:00:00','No sabe llegar','2025-06-02 12:00:00',0,'ACTIVE','Un poco tarde','2025-06-03 00:27:44.660708','2025-07-08 13:55:54.364222',1,7,'01273783','094353','PAID','2025-06-02 12:00:00','uploads/clients/14ef7daf.jpg'),(137,'Golondrian','Dalmata','75584091','913453456','asd','2025-06-02 12:00:00','ad asd','2025-09-03 05:00:00',0,'ACTIVE','asdsa','2025-06-03 00:29:52.857630','2025-07-08 13:55:54.367107',2,2,'0127435','94353453','PAID','2025-06-03 12:00:00','uploads/clients/f339d63d.jpg'),(138,'Fonias','koliat','45645462','985632145','Caserio de Huantalloni','2025-05-30 12:00:00','01368592','2025-10-01 05:00:00',0,'ACTIVE','asdas dasd','2025-06-03 00:31:12.713239','2025-07-08 13:55:54.369689',1,3,'16387387','93137378','PAID','2025-05-31 12:00:00',NULL);
/*!40000 ALTER TABLE `client` ENABLE KEYS */;
UNLOCK TABLES;

--
-- Table structure for table `migrations`
--

DROP TABLE IF EXISTS `migrations`;
/*!40101 SET @saved_cs_client     = @@character_set_client */;
/*!50503 SET character_set_client = utf8mb4 */;
CREATE TABLE `migrations` (
  `id` int(11) NOT NULL AUTO_INCREMENT,
  `timestamp` bigint(20) NOT NULL,
  `name` varchar(255) NOT NULL,
  PRIMARY KEY (`id`)
) ENGINE=InnoDB DEFAULT CHARSET=utf8mb4 COLLATE=utf8mb4_spanish2_ci;
/*!40101 SET character_set_client = @saved_cs_client */;

--
-- Dumping data for table `migrations`
--

LOCK TABLES `migrations` WRITE;
/*!40000 ALTER TABLE `migrations` DISABLE KEYS */;
/*!40000 ALTER TABLE `migrations` ENABLE KEYS */;
UNLOCK TABLES;

--
-- Table structure for table `payment`
--

DROP TABLE IF EXISTS `payment`;
/*!40101 SET @saved_cs_client     = @@character_set_client */;
/*!50503 SET character_set_client = utf8mb4 */;
CREATE TABLE `payment` (
  `id` int(11) NOT NULL AUTO_INCREMENT,
  `paymentDate` datetime DEFAULT NULL,
  `reference` varchar(255) DEFAULT NULL,
  `reconnection` tinyint(4) NOT NULL,
  `amount` decimal(10,2) NOT NULL,
  `state` enum('PENDING','PAYMENT_DAILY','LATE_PAYMENT','VOIDED') DEFAULT NULL,
  `paymentType` enum('TRANSFER','CASH','YAPE','PLIN','OTHER') DEFAULT NULL,
  `transferName` varchar(255) DEFAULT NULL,
  `discount` decimal(10,2) NOT NULL DEFAULT 0.00,
  `dueDate` datetime DEFAULT NULL,
  `created_At` timestamp(6) NOT NULL DEFAULT current_timestamp(6),
  `updated_At` timestamp(6) NOT NULL DEFAULT current_timestamp(6) ON UPDATE current_timestamp(6),
  `clientId` int(11) DEFAULT NULL,
  `reconnectionFee` decimal(10,2) NOT NULL DEFAULT 0.00,
  `baseAmount` decimal(10,2) NOT NULL,
  `code` varchar(255) DEFAULT NULL,
  `isVoided` tinyint(4) NOT NULL DEFAULT 0,
  `voidedAt` datetime DEFAULT NULL,
  `voidedReason` varchar(255) DEFAULT NULL,
  PRIMARY KEY (`id`),
  KEY `FK_bbbabef6ffa9572acb68cb0f217` (`clientId`),
  CONSTRAINT `FK_bbbabef6ffa9572acb68cb0f217` FOREIGN KEY (`clientId`) REFERENCES `client` (`id`) ON DELETE SET NULL ON UPDATE CASCADE
) ENGINE=InnoDB AUTO_INCREMENT=89 DEFAULT CHARSET=utf8mb4 COLLATE=utf8mb4_spanish2_ci;
/*!40101 SET character_set_client = @saved_cs_client */;

--
-- Dumping data for table `payment`
--

LOCK TABLES `payment` WRITE;
/*!40000 ALTER TABLE `payment` DISABLE KEYS */;
INSERT INTO `payment` VALUES (2,'2025-05-09 05:00:00','04760728',0,50.00,'LATE_PAYMENT','TRANSFER','Grupo Hemmy EIRL',0.00,'2025-04-15 05:00:00','2025-05-09 14:28:07.934871','2025-05-29 21:01:34.000000',9,0.00,0.00,'PGFM-0001',0,NULL,NULL),(4,'2025-05-09 05:00:00','04240636',0,50.00,'PAYMENT_DAILY','TRANSFER','GRUPO HEMMY EIRL',0.00,'2025-05-21 05:00:00','2025-05-09 14:47:52.198525','2025-05-29 21:01:34.000000',11,0.00,0.00,'PGAB-0001',0,NULL,NULL),(5,'2025-05-09 05:00:00','09640137',0,50.00,'PAYMENT_DAILY','YAPE','MILY HIDALGO ROJAS',0.00,'2025-06-07 05:00:00','2025-05-09 14:49:54.503539','2025-05-29 21:01:34.000000',10,0.00,0.00,'PGKM-0001',0,NULL,NULL),(6,'2025-05-09 05:00:00','03792646',0,50.00,'LATE_PAYMENT','YAPE','MILY HIDALGO ROJAS',0.00,'2025-04-29 05:00:00','2025-05-09 14:57:00.484139','2025-05-29 21:01:34.000000',12,0.00,0.00,'PGDC-0001',0,NULL,NULL),(7,'2025-05-09 12:00:00','01368592',0,40.00,'PAYMENT_DAILY','TRANSFER','GRUPO HEMMY EIRL',0.00,'2025-06-07 05:00:00','2025-05-09 19:02:02.841352','2025-05-29 21:01:34.000000',13,0.00,40.00,'PGDC-0001',0,NULL,NULL),(9,'2025-05-23 12:00:00','',0,50.00,'PAYMENT_DAILY','CASH','',0.00,'2026-04-02 05:00:00','2025-05-24 01:33:00.890194','2025-05-29 21:01:34.000000',2,0.00,50.00,'PGYR-0001',0,NULL,NULL),(10,'2025-05-24 12:00:00','',0,50.00,'PAYMENT_DAILY','CASH','',0.00,'2025-05-25 05:00:00','2025-05-25 00:46:06.105876','2025-05-29 21:01:34.000000',14,0.00,50.00,'PGJL-0001',0,NULL,NULL),(13,'2025-05-01 12:00:00','Codigo124589',0,50.00,'VOIDED','TRANSFER','transefer referencia',0.00,'2025-06-22 05:00:00','2025-05-29 18:01:55.903405','2025-05-30 23:06:05.000000',16,0.00,50.00,'PGCC-0001',1,'2025-05-30 23:06:05',NULL),(14,'2025-05-29 12:00:00','',0,50.00,'LATE_PAYMENT','CASH','',0.00,'2025-05-14 05:00:00','2025-05-29 19:45:55.489306','2025-05-29 21:01:34.000000',9,0.00,50.00,'PGFM-0002',0,NULL,NULL),(27,'2025-05-09 12:00:00','01368592',0,50.00,'VOIDED','TRANSFER','GRUPO HEMMY EIRL',0.00,'2025-06-24 05:00:00','2025-05-30 22:59:07.138217','2025-05-31 00:15:40.000000',16,0.00,50.00,'PGCC-0002',1,'2025-05-30 23:04:24',NULL),(28,'2025-05-29 12:00:00','Codigo124589',0,50.00,'PAYMENT_DAILY','TRANSFER','transefer referencia',0.00,'2025-06-24 05:00:00','2025-05-30 23:03:46.751314','2025-05-31 00:15:40.000000',16,0.00,50.00,'PGCC-0003',0,NULL,NULL),(29,'2025-05-30 12:00:00','Codigo124589',0,50.00,'PAYMENT_DAILY','TRANSFER','GRUPO HEMMY EIRL',0.00,'2025-06-24 05:00:00','2025-05-30 23:06:40.061581','2025-05-31 00:15:40.000000',16,0.00,50.00,'PGCC-0004',0,NULL,NULL),(30,'2025-05-31 12:00:00','Codigo124589',0,50.00,'PAYMENT_DAILY','TRANSFER','transefer referencia',0.00,'2025-07-24 05:00:00','2025-05-30 23:06:54.306949','2025-05-31 00:15:40.000000',16,0.00,50.00,'PGCC-0005',0,NULL,NULL),(31,'2025-05-30 12:00:00','01368592',0,50.00,'VOIDED','TRANSFER','GRUPO HEMMY EIRL',0.00,'2025-05-27 05:00:00','2025-05-30 23:08:19.620645','2025-05-30 23:12:05.000000',5,0.00,50.00,'PGGE-0001',1,'2025-05-30 23:12:05',NULL),(32,'2025-05-31 12:00:00','01368592',0,50.00,'VOIDED','TRANSFER','GRUPO HEMMY EIRL',0.00,'2025-06-27 05:00:00','2025-05-30 23:10:12.168009','2025-05-30 23:11:20.000000',5,0.00,50.00,'PGGE-0002',1,'2025-05-30 23:11:20',NULL),(33,'2025-06-06 12:00:00','asd',0,50.00,'VOIDED','TRANSFER','GRUPO HEMMY EIRL',0.00,'2025-07-27 05:00:00','2025-05-30 23:10:40.095561','2025-05-30 23:12:29.000000',5,0.00,50.00,'PGGE-0003',1,'2025-05-30 23:12:29',NULL),(34,'2025-05-30 12:00:00','Codigo124589',0,50.00,'VOIDED','TRANSFER','GRUPO HEMMY EIRL',0.00,'2025-07-27 05:00:00','2025-05-30 23:14:28.021319','2025-05-30 23:40:27.000000',5,0.00,50.00,'PGGE-0004',1,'2025-05-30 23:40:27',NULL),(35,'2025-05-23 12:00:00','Codigo124589',0,50.00,'VOIDED','TRANSFER','GRUPO HEMMY EIRL',0.00,'2025-05-16 05:00:00','2025-05-30 23:41:34.223666','2025-05-30 23:43:02.000000',5,0.00,50.00,'PGGE-0005',1,'2025-05-30 23:43:02',NULL),(36,'2025-05-23 12:00:00','Codigo124589',0,50.00,'VOIDED','TRANSFER','GRUPO HEMMY EIRL',0.00,'2025-06-16 05:00:00','2025-05-30 23:41:54.154057','2025-05-30 23:45:16.000000',5,0.00,50.00,'PGGE-0006',1,'2025-05-30 23:45:16',NULL),(37,'2025-05-16 12:00:00','Codigo124589',0,50.00,'VOIDED','TRANSFER','GRUPO HEMMY EIRL',0.00,'2025-05-15 05:00:00','2025-05-30 23:47:31.095999','2025-05-30 23:50:31.000000',49,0.00,50.00,'PGMP-0001',1,'2025-05-30 23:50:31',NULL),(38,'2025-05-24 12:00:00','Codigo124589',0,50.00,'VOIDED','TRANSFER','GRUPO HEMMY EIRL',0.00,'2025-06-15 05:00:00','2025-05-30 23:47:54.946767','2025-05-30 23:49:59.000000',49,0.00,50.00,'PGMP-0002',1,'2025-05-30 23:49:59',NULL),(39,'2025-05-30 12:00:00','Codigo124589',0,50.00,'VOIDED','TRANSFER','transefer referencia',0.00,'2025-07-15 05:00:00','2025-05-30 23:49:27.870717','2025-05-30 23:51:06.000000',49,0.00,50.00,'PGMP-0003',1,'2025-05-30 23:51:06',NULL),(40,'2025-05-31 12:00:00','Codigo124589',0,50.00,'VOIDED','TRANSFER','GRUPO HEMMY EIRL',0.00,'2025-05-30 05:00:00','2025-05-31 00:06:09.892640','2025-05-31 00:07:31.000000',50,0.00,50.00,'PGLA-0001',1,'2025-05-31 00:07:31',NULL),(41,'2025-05-31 12:00:00','Codigo124589',0,50.00,'VOIDED','TRANSFER','GRUPO HEMMY EIRL',0.00,'2025-06-30 05:00:00','2025-05-31 00:06:21.646022','2025-05-31 00:06:33.000000',50,0.00,50.00,'PGLA-0002',1,'2025-05-31 00:06:33',NULL),(42,'2025-05-02 12:00:00','01368592',0,50.00,'VOIDED','TRANSFER','GRUPO HEMMY EIRL',0.00,'2025-05-30 05:00:00','2025-05-31 00:07:06.050394','2025-05-31 00:13:23.000000',50,0.00,50.00,'PGLA-0003',1,'2025-05-31 00:13:23',NULL),(43,'2025-05-08 12:00:00','Codigo124589',0,50.00,'VOIDED','TRANSFER','GRUPO HEMMY EIRL',0.00,'2025-05-30 05:00:00','2025-05-31 00:13:02.985147','2025-05-31 00:13:47.000000',50,0.00,50.00,'PGLA-0004',1,'2025-05-31 00:13:47',NULL),(44,'2025-05-15 12:00:00','Codigo124589',0,50.00,'VOIDED','TRANSFER','transefer referencia',0.00,'2025-06-29 05:00:00','2025-05-31 00:14:39.915341','2025-05-31 00:15:33.000000',50,0.00,50.00,'PGLA-0005',1,'2025-05-31 00:15:33',NULL),(45,'2025-05-30 12:00:00','ad',0,50.00,'VOIDED','TRANSFER','transefer referencia',0.00,'2025-06-29 05:00:00','2025-05-31 00:18:42.691949','2025-05-31 00:22:10.000000',50,0.00,50.00,'PGLA-0006',1,'2025-05-31 00:22:10',NULL),(46,'2025-05-30 12:00:00','dsa',0,50.00,'VOIDED','TRANSFER','GRUPO HEMMY EIRLas',0.00,'2025-07-28 05:00:00','2025-05-31 00:18:58.559678','2025-05-31 00:21:43.000000',50,0.00,50.00,'PGLA-0007',1,'2025-05-31 00:21:43',NULL),(47,'2025-05-16 12:00:00','Codigo124589',0,50.00,'PAYMENT_DAILY','TRANSFER','GRUPO HEMMY EIRL',0.00,'2025-06-29 05:00:00','2025-05-31 00:30:27.866517','2025-05-31 00:30:27.866517',50,0.00,50.00,'PGLA-0008',0,NULL,NULL),(48,'2025-05-31 12:00:00','Codigo124589',0,50.00,'LATE_PAYMENT','TRANSFER','GRUPO HEMMY EIRL',0.00,'2025-05-30 05:00:00','2025-05-31 00:50:01.110465','2025-05-31 00:50:01.110465',51,0.00,50.00,'PGFC-0001',0,NULL,NULL),(49,'2025-05-09 12:00:00','Codigo124589',0,50.00,'PAYMENT_DAILY','TRANSFER','GRUPO HEMMY EIRL',0.00,'2025-07-29 05:00:00','2025-05-31 00:50:19.114258','2025-05-31 00:50:19.114258',51,0.00,50.00,'PGFC-0002',0,NULL,NULL),(50,'2025-05-09 12:00:00','01368592',0,50.00,'PAYMENT_DAILY','TRANSFER','GRUPO HEMMY EIRL',0.00,'2025-07-29 05:00:00','2025-05-31 00:51:08.495946','2025-05-31 00:51:08.495946',51,0.00,50.00,'PGFC-0003',0,NULL,NULL),(51,'2025-05-08 12:00:00','Codigo124589',0,50.00,'PAYMENT_DAILY','TRANSFER','GRUPO HEMMY EIRL',0.00,'2025-07-29 05:00:00','2025-05-31 00:51:22.478989','2025-05-31 00:51:22.478989',51,0.00,50.00,'PGFC-0004',0,NULL,NULL),(52,'2025-05-18 12:00:00','Codigo124589',0,50.00,'PAYMENT_DAILY','TRANSFER','transefer referencia',0.00,'2025-07-29 05:00:00','2025-05-31 00:52:00.524023','2025-05-31 00:52:00.524023',51,0.00,50.00,'PGFC-0005',0,NULL,NULL),(53,'2025-05-30 12:00:00','Codigo124589',0,50.00,'VOIDED','TRANSFER','GRUPO HEMMY EIRL',0.00,'2025-05-29 05:00:00','2025-05-31 00:54:54.344080','2025-05-31 00:55:48.000000',52,0.00,50.00,'PGJC-0001',1,'2025-05-31 00:55:48',NULL),(54,'2025-05-30 12:00:00','01368592',0,50.00,'VOIDED','TRANSFER','GRUPO HEMMY EIRL',0.00,'2025-06-29 05:00:00','2025-05-31 00:57:29.428063','2025-05-31 01:23:03.000000',52,0.00,50.00,'PGJC-0002',1,'2025-05-31 01:23:03',NULL),(55,'2025-05-02 12:00:00','Codigo124589',0,50.00,'VOIDED','TRANSFER','GRUPO HEMMY EIRL',0.00,'2025-07-29 05:00:00','2025-05-31 00:57:40.388897','2025-05-31 01:23:00.000000',52,0.00,50.00,'PGJC-0003',1,'2025-05-31 01:23:00',NULL),(56,'2025-05-31 12:00:00','Codigo124589',0,50.00,'VOIDED','TRANSFER','transefer referencia',0.00,'2025-07-29 05:00:00','2025-05-31 00:57:52.405212','2025-05-31 01:22:56.000000',52,0.00,50.00,'PGJC-0004',1,'2025-05-31 01:22:56',NULL),(57,'2025-05-31 12:00:00','Codigo124589',0,50.00,'VOIDED','TRANSFER','transefer referencia',0.00,'2025-07-29 05:00:00','2025-05-31 00:58:07.790142','2025-05-31 01:22:52.000000',52,0.00,50.00,'PGJC-0005',1,'2025-05-31 01:22:52',NULL),(58,'2025-05-09 12:00:00','01368592',0,50.00,'VOIDED','TRANSFER','GRUPO HEMMY EIRL',0.00,'2025-07-29 05:00:00','2025-05-31 00:59:29.719422','2025-05-31 01:22:37.000000',52,0.00,50.00,'PGJC-0006',1,'2025-05-31 01:22:37',NULL),(59,'2025-05-09 12:00:00','Codigo124589',0,50.00,'VOIDED','TRANSFER','GRUPO HEMMY EIRL',0.00,'2025-07-29 05:00:00','2025-05-31 01:01:56.786336','2025-05-31 01:22:34.000000',52,0.00,50.00,'PGJC-0007',1,'2025-05-31 01:22:34',NULL),(60,'2025-05-09 12:00:00','Codigo124589',0,50.00,'VOIDED','TRANSFER','transefer referencia',0.00,'2025-08-28 05:00:00','2025-05-31 01:02:06.897701','2025-05-31 01:22:28.000000',52,0.00,50.00,'PGJC-0008',1,'2025-05-31 01:22:28',NULL),(61,'2025-05-04 12:00:00','Codigo124589',0,50.00,'VOIDED','TRANSFER','transefer referencia',0.00,'2025-09-27 05:00:00','2025-05-31 01:02:16.927981','2025-05-31 01:22:25.000000',52,0.00,50.00,'PGJC-0009',1,'2025-05-31 01:22:25',NULL),(62,'2025-05-09 12:00:00','Codigo124589',0,50.00,'VOIDED','TRANSFER','GRUPO HEMMY EIRL',0.00,'2025-10-26 05:00:00','2025-05-31 01:02:28.264198','2025-05-31 01:22:20.000000',52,0.00,50.00,'PGJC-0010',1,'2025-05-31 01:22:20',NULL),(63,'2025-05-16 12:00:00','Codigo124589',0,50.00,'VOIDED','TRANSFER','GRUPO HEMMY EIRL',0.00,'2025-05-29 05:00:00','2025-05-31 01:07:33.915238','2025-05-31 01:22:16.000000',53,0.00,50.00,'PGKL-0001',1,'2025-05-31 01:22:16',NULL),(64,'2025-05-31 12:00:00','Codigo124589',0,50.00,'VOIDED','TRANSFER','GRUPO HEMMY EIRL',0.00,'2025-06-28 05:00:00','2025-05-31 01:07:55.289668','2025-05-31 01:22:11.000000',53,0.00,50.00,'PGKL-0002',1,'2025-05-31 01:22:11',NULL),(65,'2025-05-17 12:00:00','Codigo124589',0,50.00,'VOIDED','TRANSFER','GRUPO HEMMY EIRL',0.00,'2025-07-27 05:00:00','2025-05-31 01:08:04.401862','2025-05-31 01:22:07.000000',53,0.00,50.00,'PGKL-0003',1,'2025-05-31 01:22:07',NULL),(66,'2025-05-31 12:00:00','Codigo124589',0,50.00,'VOIDED','TRANSFER','GRUPO HEMMY EIRL',0.00,'2025-08-26 05:00:00','2025-05-31 01:12:10.875683','2025-05-31 01:22:01.000000',53,0.00,50.00,'PGKL-0004',1,'2025-05-31 01:22:01',NULL),(67,'2025-05-15 12:00:00','Codigo124589',0,50.00,'VOIDED','TRANSFER','GRUPO HEMMY EIRL',0.00,'2025-09-25 05:00:00','2025-05-31 01:12:20.258642','2025-05-31 01:21:24.000000',53,0.00,50.00,'PGKL-0005',1,'2025-05-31 01:21:24',NULL),(68,'2025-05-30 12:00:00','Codigo124589',0,50.00,'VOIDED','TRANSFER','transefer referencia',0.00,'2025-10-24 05:00:00','2025-05-31 01:20:53.224677','2025-05-31 01:21:55.000000',53,0.00,50.00,'PGKL-0006',1,'2025-05-31 01:21:55',NULL),(69,'2025-05-24 12:00:00','Codigo124589',0,50.00,'VOIDED','TRANSFER','GRUPO HEMMY EIRL',0.00,'2025-11-23 05:00:00','2025-05-31 01:21:07.668468','2025-05-31 01:21:48.000000',53,0.00,50.00,'PGKL-0007',1,'2025-05-31 01:21:48',NULL),(70,'2025-05-30 12:00:00','Codigo124589',0,50.00,'PAYMENT_DAILY','TRANSFER','GRUPO HEMMY EIRL',0.00,'2025-06-29 05:00:00','2025-05-31 01:23:42.345894','2025-05-31 01:23:42.345894',52,0.00,50.00,'PGJC-0011',0,NULL,NULL),(71,'2025-05-09 12:00:00','Codigo124589',0,50.00,'VOIDED','TRANSFER','GRUPO HEMMY EIRL',0.00,'2025-05-30 05:00:00','2025-05-31 01:26:12.011820','2025-05-31 01:38:35.000000',55,0.00,50.00,'PGFF-0001',1,'2025-05-31 01:38:35',NULL),(72,'2025-05-23 12:00:00','Codigo124589',0,50.00,'VOIDED','TRANSFER','transefer referencia',0.00,'2025-06-29 05:00:00','2025-05-31 01:28:37.790694','2025-05-31 01:38:26.000000',55,0.00,50.00,'PGFF-0002',1,'2025-05-31 01:38:26',NULL),(73,'2025-05-30 05:00:00','Codigo124589',0,50.00,'VOIDED','TRANSFER','transefer referencia',0.00,'2025-07-28 05:00:00','2025-05-31 01:37:45.434769','2025-05-31 01:38:20.000000',55,0.00,50.00,'PGFF-0003',1,'2025-05-31 01:38:20',NULL),(74,'2025-05-03 05:00:00','01368592',0,50.00,'VOIDED','TRANSFER','GRUPO HEMMY EIRL',0.00,'2025-08-28 05:00:00','2025-05-31 01:37:59.370925','2025-05-31 01:38:14.000000',55,0.00,50.00,'PGFF-0004',1,'2025-05-31 01:38:14',NULL),(75,'2025-05-09 05:00:00','Codigo124589',0,50.00,'PAYMENT_DAILY','TRANSFER','GRUPO HEMMY EIRL',0.00,'2025-06-30 05:00:00','2025-05-31 01:39:41.500840','2025-05-31 01:39:41.500840',55,0.00,50.00,'PGFF-0005',0,NULL,NULL),(76,'2025-05-30 05:00:00','Codigo1245898',0,50.00,'VOIDED','TRANSFER','GRUPO HEMMY EIRL',0.00,'2025-07-28 05:00:00','2025-05-31 02:00:52.529830','2025-05-31 02:52:55.000000',52,0.00,50.00,'PGJC-0012',1,'2025-05-31 02:52:55',NULL),(77,'2025-06-02 05:00:00','Codigo124589',1,40.00,'LATE_PAYMENT','TRANSFER','GRUPO HEMMY EIRL',0.00,'2025-05-31 05:00:00','2025-06-03 00:41:26.768352','2025-06-03 00:41:26.768352',138,10.00,40.00,'PGFK-0001',0,NULL,NULL),(78,'2025-06-01 05:00:00','Codigo124589',0,40.00,'PAYMENT_DAILY','TRANSFER','transefer referencia',0.00,'2025-07-01 05:00:00','2025-06-03 00:42:55.658208','2025-06-03 00:42:55.658208',138,0.00,40.00,'PGFK-0002',0,NULL,NULL),(79,'2025-06-02 05:00:00','Codigo124589',1,50.00,'PAYMENT_DAILY','TRANSFER','GRUPO HEMMY EIRL',0.00,'2025-06-03 05:00:00','2025-06-03 00:43:30.953009','2025-06-03 00:43:30.953009',137,10.00,50.00,'PGGD-0001',0,NULL,NULL),(80,'2025-06-02 05:00:00','Codigo124589',1,50.00,'PAYMENT_DAILY','TRANSFER','GRUPO HEMMY EIRL',10.00,'2025-07-03 05:00:00','2025-06-03 00:44:12.459546','2025-06-03 00:44:12.459546',137,10.00,50.00,'PGGD-0002',0,NULL,NULL),(81,'2025-06-01 05:00:00','Codigo124589',0,50.00,'PAYMENT_DAILY','TRANSFER','GRUPO HEMMY EIRL',0.00,'2025-08-03 05:00:00','2025-06-03 01:01:09.517702','2025-06-03 01:01:09.517702',137,0.00,50.00,'PGGD-0003',0,NULL,NULL),(82,'2025-06-02 05:00:00','asd',1,50.00,'PAYMENT_DAILY','TRANSFER','GRUPO HEMMY EIRL',0.00,'2025-08-01 05:00:00','2025-06-03 01:07:50.158403','2025-06-03 01:07:50.158403',138,10.00,40.00,'PGFK-0003',0,NULL,NULL),(83,'2025-06-01 05:00:00','Codigo124589',1,48.80,'PAYMENT_DAILY','TRANSFER','GRUPO HEMMY EIRL',1.20,'2025-09-01 05:00:00','2025-06-03 01:12:21.906141','2025-06-03 01:12:21.906141',138,10.00,40.00,'PGFK-0004',0,NULL,NULL),(84,'2025-06-02 05:00:00','asdasd',0,50.00,'PAYMENT_DAILY','TRANSFER','asdasd',0.00,'2026-06-03 05:00:00','2025-06-03 03:06:44.690093','2025-06-03 03:06:44.690093',2,0.00,50.00,'PGYR-0002',0,NULL,NULL),(85,'2025-06-02 05:00:00','f34fddf',0,50.00,'PAYMENT_DAILY','TRANSFER','transfer',0.00,'2025-07-03 05:00:00','2025-06-03 03:07:22.188656','2025-06-03 03:07:22.188656',3,0.00,50.00,'PGMR-0001',0,NULL,NULL),(86,'2025-06-02 05:00:00','f34fddf',0,50.00,'PAYMENT_DAILY','TRANSFER','transfer',0.00,'2025-06-02 05:00:00','2025-06-03 03:12:28.447081','2025-06-03 03:12:28.447081',1,0.00,50.00,'PGMC-0001',0,NULL,NULL),(87,'2025-06-06 05:00:00','Codigo124589',1,59.00,'LATE_PAYMENT','TRANSFER','GRUPO HEMMY EIRL',1.00,'2025-06-03 05:00:00','2025-06-07 12:33:13.798031','2025-06-07 12:33:13.798031',4,10.00,50.00,'PGEM-0001',0,NULL,NULL),(88,'2025-06-06 05:00:00','',0,50.00,'PAYMENT_DAILY','TRANSFER','GRUPO HEMMY EIRL',0.00,'2025-07-03 05:00:00','2025-06-07 12:35:03.517231','2025-06-07 12:35:03.517231',4,0.00,50.00,'PGEM-0002',0,NULL,NULL);
/*!40000 ALTER TABLE `payment` ENABLE KEYS */;
UNLOCK TABLES;

--
-- Table structure for table `payment_history`
--

DROP TABLE IF EXISTS `payment_history`;
/*!40101 SET @saved_cs_client     = @@character_set_client */;
/*!50503 SET character_set_client = utf8mb4 */;
CREATE TABLE `payment_history` (
  `id` int(11) NOT NULL AUTO_INCREMENT,
  `amount` decimal(10,2) NOT NULL,
  `discount` decimal(10,2) NOT NULL DEFAULT 0.00,
  `paymentDate` datetime DEFAULT NULL,
  `dueDate` datetime DEFAULT NULL,
  `reference` varchar(255) DEFAULT NULL,
  `paymentType` varchar(255) DEFAULT NULL,
  `created_At` timestamp(6) NOT NULL DEFAULT current_timestamp(6),
  `paymentId` int(11) NOT NULL,
  `clientId` int(11) NOT NULL,
  `userId` int(11) DEFAULT NULL,
  PRIMARY KEY (`id`),
  KEY `FK_a3219994ab452282c74ef6de2ca` (`paymentId`),
  KEY `FK_ab67a904aa1c9a7d606feadfa94` (`clientId`),
  KEY `FK_34d643de1a588d2350297da5c24` (`userId`),
  CONSTRAINT `FK_34d643de1a588d2350297da5c24` FOREIGN KEY (`userId`) REFERENCES `user` (`id`) ON DELETE SET NULL ON UPDATE NO ACTION,
  CONSTRAINT `FK_a3219994ab452282c74ef6de2ca` FOREIGN KEY (`paymentId`) REFERENCES `payment` (`id`) ON DELETE CASCADE ON UPDATE NO ACTION,
  CONSTRAINT `FK_ab67a904aa1c9a7d606feadfa94` FOREIGN KEY (`clientId`) REFERENCES `client` (`id`) ON DELETE CASCADE ON UPDATE NO ACTION
) ENGINE=InnoDB AUTO_INCREMENT=185 DEFAULT CHARSET=utf8mb4 COLLATE=utf8mb4_spanish2_ci;
/*!40101 SET character_set_client = @saved_cs_client */;

--
-- Dumping data for table `payment_history`
--

LOCK TABLES `payment_history` WRITE;
/*!40000 ALTER TABLE `payment_history` DISABLE KEYS */;
INSERT INTO `payment_history` VALUES (3,50.00,0.00,'2025-05-23 12:00:00','2025-06-05 05:00:00','','CASH','2025-05-24 01:33:00.912246',9,2,NULL),(4,50.00,0.00,'2025-05-23 12:00:00','2025-07-05 05:00:00','','CASH','2025-05-24 01:54:05.078148',9,2,NULL),(5,50.00,10.00,'2025-05-23 12:00:00','2025-07-05 05:00:00','','CASH','2025-05-24 01:54:32.649252',9,2,NULL),(6,50.00,0.00,'2025-05-23 12:00:00','2025-07-05 05:00:00','','CASH','2025-05-24 01:54:48.102839',9,2,NULL),(7,50.00,0.00,'2025-05-23 12:00:00','2025-08-05 05:00:00','','CASH','2025-05-24 02:00:02.565849',9,2,NULL),(8,50.00,0.00,'2025-05-23 12:00:00','2025-08-05 05:00:00','','CASH','2025-05-24 02:00:08.150151',9,2,NULL),(9,50.00,0.00,'2025-05-23 12:00:00','2025-09-05 05:00:00','','CASH','2025-05-24 02:02:12.963365',9,2,NULL),(10,50.00,0.00,'2025-05-23 12:00:00','2025-10-05 05:00:00','','CASH','2025-05-24 02:02:30.518910',9,2,NULL),(11,40.00,0.00,'2025-05-23 12:00:00','2025-11-05 05:00:00','','CASH','2025-05-24 02:05:16.200402',9,2,NULL),(12,30.00,0.00,'2025-05-23 12:00:00','2025-12-05 05:00:00','','CASH','2025-05-24 02:08:50.141861',9,2,NULL),(13,50.00,0.00,'2025-05-23 12:00:00','2025-12-05 05:00:00','','CASH','2025-05-24 02:12:10.333219',9,2,NULL),(14,50.00,0.00,'2025-05-23 12:00:00','2025-12-05 05:00:00','','CASH','2025-05-24 02:12:28.830312',9,2,NULL),(15,50.00,0.00,'2025-05-23 12:00:00','2025-12-05 05:00:00','','CASH','2025-05-24 02:13:05.159925',9,2,NULL),(16,50.00,0.00,'2025-05-23 12:00:00','2025-12-05 05:00:00','','CASH','2025-05-24 02:16:29.311265',9,2,NULL),(17,60.00,0.00,'2025-05-23 12:00:00','2025-12-05 05:00:00','','CASH','2025-05-24 02:16:46.307885',9,2,NULL),(18,60.00,0.00,'2025-05-23 12:00:00','2026-01-05 05:00:00','','CASH','2025-05-24 23:27:13.226800',9,2,NULL),(19,50.00,0.00,'2025-05-23 12:00:00','2026-01-05 05:00:00','','CASH','2025-05-24 23:27:24.274024',9,2,NULL),(20,50.00,0.00,'2025-05-23 12:00:00','2026-01-05 05:00:00','','CASH','2025-05-24 23:27:35.246490',9,2,NULL),(21,50.00,0.00,'2025-05-23 12:00:00','2026-01-05 05:00:00','','CASH','2025-05-24 23:28:00.367483',9,2,NULL),(22,50.00,0.00,'2025-05-23 12:00:00','2026-02-04 05:00:00','','CASH','2025-05-24 23:31:05.217817',9,2,NULL),(23,50.00,0.00,'2025-05-23 12:00:00','2026-03-03 05:00:00','','CASH','2025-05-24 23:36:13.116051',9,2,NULL),(24,50.00,0.00,'2025-05-23 12:00:00','2026-03-03 05:00:00','','CASH','2025-05-24 23:36:16.842999',9,2,NULL),(25,50.00,0.00,NULL,'2026-04-02 05:00:00','','CASH','2025-05-24 23:42:25.853476',9,2,NULL),(26,50.00,0.00,'2025-05-23 12:00:00','2026-04-02 05:00:00','','CASH','2025-05-24 23:43:33.345118',9,2,NULL),(27,50.00,0.00,NULL,'2026-04-02 05:00:00','','CASH','2025-05-24 23:46:40.257068',9,2,NULL),(28,60.00,0.00,'2025-05-23 12:00:00','2026-04-02 05:00:00','','CASH','2025-05-24 23:46:52.687888',9,2,NULL),(29,50.00,0.00,NULL,'2026-04-02 05:00:00','','CASH','2025-05-24 23:50:12.390287',9,2,NULL),(30,40.00,0.00,NULL,'2025-06-07 05:00:00','01368592','TRANSFER','2025-05-24 23:52:41.247469',7,13,NULL),(31,40.00,0.00,'2025-05-09 12:00:00','2025-06-07 05:00:00','01368592','TRANSFER','2025-05-24 23:53:16.122711',7,13,NULL),(32,40.00,0.00,NULL,'2025-06-07 05:00:00','01368592','TRANSFER','2025-05-24 23:53:42.410667',7,13,NULL),(33,40.00,0.00,'2025-05-09 12:00:00','2025-06-07 05:00:00','01368592','TRANSFER','2025-05-24 23:58:31.145958',7,13,NULL),(34,50.00,0.00,'2025-05-23 12:00:00','2026-04-02 05:00:00','','CASH','2025-05-24 23:58:48.472871',9,2,NULL),(35,50.00,0.00,'2025-05-23 12:00:00','2026-04-02 05:00:00','','CASH','2025-05-24 23:59:45.272888',9,2,NULL),(36,50.00,0.00,'2025-05-23 12:00:00','2026-04-02 05:00:00','','CASH','2025-05-25 00:02:01.841083',9,2,NULL),(37,40.00,0.00,'2025-05-09 12:00:00','2025-06-07 05:00:00','01368592','TRANSFER','2025-05-25 00:02:15.266690',7,13,NULL),(38,40.00,0.00,'2025-05-09 12:00:00','2025-06-07 05:00:00','01368592','TRANSFER','2025-05-25 00:02:19.472682',7,13,NULL),(39,50.00,0.00,'2025-05-23 12:00:00','2026-04-02 05:00:00','','CASH','2025-05-25 00:02:22.163253',9,2,NULL),(40,60.00,0.00,'2025-05-23 12:00:00','2026-04-02 05:00:00','','CASH','2025-05-25 00:02:25.860970',9,2,NULL),(41,50.00,0.00,'2025-05-23 12:00:00','2026-04-02 05:00:00','','CASH','2025-05-25 00:02:30.567020',9,2,NULL),(42,50.00,0.00,'2025-05-23 12:00:00','2026-04-02 05:00:00','','CASH','2025-05-25 00:02:39.505615',9,2,NULL),(43,50.00,0.00,'2025-05-23 12:00:00','2026-04-02 05:00:00','','CASH','2025-05-25 00:04:20.294547',9,2,NULL),(44,50.00,0.00,'2025-05-23 12:00:00','2026-04-02 05:00:00','','CASH','2025-05-25 00:04:32.724011',9,2,NULL),(45,50.00,0.00,'2025-05-23 12:00:00','2026-04-02 05:00:00','','CASH','2025-05-25 00:15:24.944439',9,2,NULL),(46,50.00,0.00,'2025-05-24 12:00:00','2025-05-25 05:00:00','','CASH','2025-05-25 00:46:06.129623',10,14,NULL),(51,50.00,0.00,'2025-05-29 12:00:00','2025-05-22 05:00:00','Codigo124589','TRANSFER','2025-05-29 18:01:55.923195',13,16,NULL),(52,50.00,0.00,'2025-05-29 12:00:00','2025-06-22 05:00:00','Codigo124589','TRANSFER','2025-05-29 18:03:03.732691',13,16,NULL),(53,60.00,0.00,'2025-05-29 12:00:00','2025-06-22 05:00:00','Codigo124589','TRANSFER','2025-05-29 18:03:11.179607',13,16,NULL),(54,50.00,0.00,'2025-05-29 12:00:00','2025-06-22 05:00:00','Codigo124589','TRANSFER','2025-05-29 18:03:16.838996',13,16,NULL),(55,50.00,0.00,'2025-05-29 12:00:00','2025-05-14 05:00:00','','CASH','2025-05-29 19:45:55.509527',14,9,NULL),(79,50.00,0.00,'2025-05-16 12:00:00','2025-06-22 05:00:00','Codigo124589','TRANSFER','2025-05-30 22:52:40.778996',13,16,NULL),(80,50.00,0.00,'2025-05-01 12:00:00','2025-06-22 05:00:00','Codigo124589','TRANSFER','2025-05-30 22:53:21.227161',13,16,NULL),(82,50.00,0.00,'2025-05-09 12:00:00','2025-06-24 05:00:00','01368592','TRANSFER','2025-05-30 22:59:07.150678',27,16,NULL),(84,50.00,0.00,'2025-05-29 12:00:00','2025-06-24 05:00:00','Codigo124589','TRANSFER','2025-05-30 23:03:46.771854',28,16,NULL),(85,50.00,0.00,'2025-05-09 12:00:00','2025-06-24 05:00:00','ANULADO - 01368592','TRANSFER','2025-05-30 23:04:24.122948',27,16,NULL),(86,50.00,0.00,'2025-05-01 12:00:00','2025-06-22 05:00:00','ANULADO - Codigo124589','TRANSFER','2025-05-30 23:06:05.193995',13,16,NULL),(87,50.00,0.00,'2025-05-30 12:00:00','2025-06-24 05:00:00','Codigo124589','TRANSFER','2025-05-30 23:06:40.081675',29,16,NULL),(88,50.00,0.00,'2025-05-31 12:00:00','2025-07-24 05:00:00','Codigo124589','TRANSFER','2025-05-30 23:06:54.320042',30,16,NULL),(89,50.00,0.00,'2025-05-30 12:00:00','2025-05-27 05:00:00','01368592','TRANSFER','2025-05-30 23:08:19.634792',31,5,NULL),(90,50.00,0.00,'2025-05-31 12:00:00','2025-06-27 05:00:00','01368592','TRANSFER','2025-05-30 23:10:12.184567',32,5,NULL),(91,50.00,0.00,'2025-06-06 12:00:00','2025-07-27 05:00:00','asd','TRANSFER','2025-05-30 23:10:40.109258',33,5,NULL),(92,50.00,0.00,'2025-05-31 12:00:00','2025-06-27 05:00:00','ANULADO - 01368592','TRANSFER','2025-05-30 23:11:20.871440',32,5,NULL),(93,50.00,0.00,'2025-05-30 12:00:00','2025-05-27 05:00:00','ANULADO - 01368592','TRANSFER','2025-05-30 23:12:05.512877',31,5,NULL),(94,50.00,0.00,'2025-06-06 12:00:00','2025-07-27 05:00:00','ANULADO - asd','TRANSFER','2025-05-30 23:12:29.559254',33,5,NULL),(95,50.00,0.00,'2025-05-30 12:00:00','2025-07-27 05:00:00','Codigo124589','TRANSFER','2025-05-30 23:14:28.037368',34,5,NULL),(96,50.00,0.00,'2025-05-30 12:00:00','2025-07-27 05:00:00','ANULADO - Codigo124589','TRANSFER','2025-05-30 23:40:27.572609',34,5,NULL),(97,50.00,0.00,'2025-05-23 12:00:00','2025-05-16 05:00:00','Codigo124589','TRANSFER','2025-05-30 23:41:34.237342',35,5,NULL),(98,50.00,0.00,'2025-05-23 12:00:00','2025-06-16 05:00:00','Codigo124589','TRANSFER','2025-05-30 23:41:54.173637',36,5,NULL),(99,50.00,0.00,'2025-05-23 12:00:00','2025-05-16 05:00:00','ANULADO - Codigo124589','TRANSFER','2025-05-30 23:43:02.276306',35,5,NULL),(100,50.00,0.00,'2025-05-23 12:00:00','2025-06-16 05:00:00','ANULADO - Codigo124589','TRANSFER','2025-05-30 23:45:16.508640',36,5,NULL),(101,50.00,0.00,'2025-05-16 12:00:00','2025-05-15 05:00:00','Codigo124589','TRANSFER','2025-05-30 23:47:31.106392',37,49,NULL),(102,50.00,0.00,'2025-05-24 12:00:00','2025-06-15 05:00:00','Codigo124589','TRANSFER','2025-05-30 23:47:54.962715',38,49,NULL),(103,50.00,0.00,'2025-05-30 12:00:00','2025-07-15 05:00:00','Codigo124589','TRANSFER','2025-05-30 23:49:27.884026',39,49,NULL),(104,50.00,0.00,'2025-05-24 12:00:00','2025-06-15 05:00:00','ANULADO - Codigo124589','TRANSFER','2025-05-30 23:49:59.774058',38,49,NULL),(105,50.00,0.00,'2025-05-16 12:00:00','2025-05-15 05:00:00','ANULADO - Codigo124589','TRANSFER','2025-05-30 23:50:31.834302',37,49,NULL),(106,50.00,0.00,'2025-05-30 12:00:00','2025-07-15 05:00:00','ANULADO - Codigo124589','TRANSFER','2025-05-30 23:51:06.897335',39,49,NULL),(107,50.00,0.00,'2025-05-31 12:00:00','2025-05-30 05:00:00','Codigo124589','TRANSFER','2025-05-31 00:06:09.910644',40,50,NULL),(108,50.00,0.00,'2025-05-31 12:00:00','2025-06-30 05:00:00','Codigo124589','TRANSFER','2025-05-31 00:06:21.657680',41,50,NULL),(109,50.00,0.00,'2025-05-31 12:00:00','2025-06-30 05:00:00','ANULADO - Codigo124589','TRANSFER','2025-05-31 00:06:33.278044',41,50,NULL),(110,50.00,0.00,'2025-05-02 12:00:00','2025-05-30 05:00:00','01368592','TRANSFER','2025-05-31 00:07:06.067692',42,50,NULL),(111,50.00,0.00,'2025-05-31 12:00:00','2025-05-30 05:00:00','ANULADO - Codigo124589','TRANSFER','2025-05-31 00:07:31.357340',40,50,NULL),(112,50.00,0.00,'2025-05-08 12:00:00','2025-05-30 05:00:00','Codigo124589','TRANSFER','2025-05-31 00:13:03.006069',43,50,NULL),(113,50.00,0.00,'2025-05-02 12:00:00','2025-05-30 05:00:00','ANULADO - 01368592','TRANSFER','2025-05-31 00:13:23.218985',42,50,NULL),(114,50.00,0.00,'2025-05-08 12:00:00','2025-05-30 05:00:00','ANULADO - Codigo124589','TRANSFER','2025-05-31 00:13:47.136414',43,50,NULL),(115,50.00,0.00,'2025-05-15 12:00:00','2025-06-29 05:00:00','Codigo124589','TRANSFER','2025-05-31 00:14:39.932398',44,50,NULL),(116,50.00,0.00,'2025-05-15 12:00:00','2025-06-29 05:00:00','ANULADO - Codigo124589','TRANSFER','2025-05-31 00:15:33.920922',44,50,NULL),(117,50.00,0.00,'2025-05-30 12:00:00','2025-06-29 05:00:00','ad','TRANSFER','2025-05-31 00:18:42.709580',45,50,NULL),(118,50.00,0.00,'2025-05-30 12:00:00','2025-07-28 05:00:00','dsa','TRANSFER','2025-05-31 00:18:58.571780',46,50,NULL),(119,50.00,0.00,'2025-05-30 12:00:00','2025-07-28 05:00:00','ANULADO - dsa','TRANSFER','2025-05-31 00:21:43.703886',46,50,NULL),(120,50.00,0.00,'2025-05-30 12:00:00','2025-06-29 05:00:00','ANULADO - ad','TRANSFER','2025-05-31 00:22:10.720104',45,50,NULL),(121,50.00,0.00,'2025-05-16 12:00:00','2025-06-29 05:00:00','Codigo124589','TRANSFER','2025-05-31 00:30:27.893399',47,50,NULL),(122,50.00,0.00,'2025-05-31 12:00:00','2025-05-30 05:00:00','Codigo124589','TRANSFER','2025-05-31 00:50:01.141951',48,51,NULL),(123,50.00,0.00,'2025-05-09 12:00:00','2025-07-29 05:00:00','Codigo124589','TRANSFER','2025-05-31 00:50:19.128686',49,51,NULL),(124,50.00,0.00,'2025-05-09 12:00:00','2025-07-29 05:00:00','01368592','TRANSFER','2025-05-31 00:51:08.506174',50,51,NULL),(125,50.00,0.00,'2025-05-08 12:00:00','2025-07-29 05:00:00','Codigo124589','TRANSFER','2025-05-31 00:51:22.489302',51,51,NULL),(126,50.00,0.00,'2025-05-18 12:00:00','2025-07-29 05:00:00','Codigo124589','TRANSFER','2025-05-31 00:52:00.539818',52,51,NULL),(127,50.00,0.00,'2025-05-30 12:00:00','2025-05-29 05:00:00','Codigo124589','TRANSFER','2025-05-31 00:54:54.364938',53,52,NULL),(128,50.00,0.00,'2025-05-30 12:00:00','2025-05-29 05:00:00','ANULADO - Codigo124589','TRANSFER','2025-05-31 00:55:48.714891',53,52,NULL),(129,50.00,0.00,'2025-05-30 12:00:00','2025-06-29 05:00:00','01368592','TRANSFER','2025-05-31 00:57:29.446124',54,52,NULL),(130,50.00,0.00,'2025-05-02 12:00:00','2025-07-29 05:00:00','Codigo124589','TRANSFER','2025-05-31 00:57:40.399430',55,52,NULL),(131,50.00,0.00,'2025-05-31 12:00:00','2025-07-29 05:00:00','Codigo124589','TRANSFER','2025-05-31 00:57:52.419291',56,52,NULL),(132,50.00,0.00,'2025-05-31 12:00:00','2025-07-29 05:00:00','Codigo124589','TRANSFER','2025-05-31 00:58:07.799074',57,52,NULL),(133,50.00,0.00,'2025-05-09 12:00:00','2025-07-29 05:00:00','01368592','TRANSFER','2025-05-31 00:59:29.733497',58,52,NULL),(134,50.00,0.00,'2025-05-09 12:00:00','2025-07-29 05:00:00','Codigo124589','TRANSFER','2025-05-31 01:01:56.811721',59,52,NULL),(135,50.00,0.00,'2025-05-09 12:00:00','2025-08-28 05:00:00','Codigo124589','TRANSFER','2025-05-31 01:02:06.917810',60,52,NULL),(136,50.00,0.00,'2025-05-04 12:00:00','2025-09-27 05:00:00','Codigo124589','TRANSFER','2025-05-31 01:02:16.943553',61,52,NULL),(137,50.00,0.00,'2025-05-09 12:00:00','2025-10-26 05:00:00','Codigo124589','TRANSFER','2025-05-31 01:02:28.281389',62,52,NULL),(138,50.00,0.00,'2025-05-16 12:00:00','2025-05-29 05:00:00','Codigo124589','TRANSFER','2025-05-31 01:07:33.943580',63,53,NULL),(139,50.00,0.00,'2025-05-31 12:00:00','2025-06-28 05:00:00','Codigo124589','TRANSFER','2025-05-31 01:07:55.306397',64,53,NULL),(140,50.00,0.00,'2025-05-17 12:00:00','2025-07-27 05:00:00','Codigo124589','TRANSFER','2025-05-31 01:08:04.415850',65,53,NULL),(141,50.00,0.00,'2025-05-31 12:00:00','2025-08-26 05:00:00','Codigo124589','TRANSFER','2025-05-31 01:12:10.900257',66,53,NULL),(142,50.00,0.00,'2025-05-15 12:00:00','2025-09-25 05:00:00','Codigo124589','TRANSFER','2025-05-31 01:12:20.275835',67,53,NULL),(143,50.00,0.00,'2025-05-30 12:00:00','2025-10-24 05:00:00','Codigo124589','TRANSFER','2025-05-31 01:20:53.255117',68,53,NULL),(144,50.00,0.00,'2025-05-24 12:00:00','2025-11-23 05:00:00','Codigo124589','TRANSFER','2025-05-31 01:21:07.691257',69,53,NULL),(145,50.00,0.00,'2025-05-15 12:00:00','2025-09-25 05:00:00','ANULADO - Codigo124589','TRANSFER','2025-05-31 01:21:24.056149',67,53,NULL),(146,50.00,0.00,'2025-05-24 12:00:00','2025-11-23 05:00:00','ANULADO - Codigo124589','TRANSFER','2025-05-31 01:21:48.555446',69,53,NULL),(147,50.00,0.00,'2025-05-30 12:00:00','2025-10-24 05:00:00','ANULADO - Codigo124589','TRANSFER','2025-05-31 01:21:55.974729',68,53,NULL),(148,50.00,0.00,'2025-05-31 12:00:00','2025-08-26 05:00:00','ANULADO - Codigo124589','TRANSFER','2025-05-31 01:22:01.629933',66,53,NULL),(149,50.00,0.00,'2025-05-17 12:00:00','2025-07-27 05:00:00','ANULADO - Codigo124589','TRANSFER','2025-05-31 01:22:07.776470',65,53,NULL),(150,50.00,0.00,'2025-05-31 12:00:00','2025-06-28 05:00:00','ANULADO - Codigo124589','TRANSFER','2025-05-31 01:22:12.009966',64,53,NULL),(151,50.00,0.00,'2025-05-16 12:00:00','2025-05-29 05:00:00','ANULADO - Codigo124589','TRANSFER','2025-05-31 01:22:16.367868',63,53,NULL),(152,50.00,0.00,'2025-05-09 12:00:00','2025-10-26 05:00:00','ANULADO - Codigo124589','TRANSFER','2025-05-31 01:22:20.727121',62,52,NULL),(153,50.00,0.00,'2025-05-04 12:00:00','2025-09-27 05:00:00','ANULADO - Codigo124589','TRANSFER','2025-05-31 01:22:25.189631',61,52,NULL),(154,50.00,0.00,'2025-05-09 12:00:00','2025-08-28 05:00:00','ANULADO - Codigo124589','TRANSFER','2025-05-31 01:22:28.923383',60,52,NULL),(155,50.00,0.00,'2025-05-09 12:00:00','2025-07-29 05:00:00','ANULADO - Codigo124589','TRANSFER','2025-05-31 01:22:34.161907',59,52,NULL),(156,50.00,0.00,'2025-05-09 12:00:00','2025-07-29 05:00:00','ANULADO - 01368592','TRANSFER','2025-05-31 01:22:37.953233',58,52,NULL),(157,50.00,0.00,'2025-05-31 12:00:00','2025-07-29 05:00:00','ANULADO - Codigo124589','TRANSFER','2025-05-31 01:22:52.360682',57,52,NULL),(158,50.00,0.00,'2025-05-31 12:00:00','2025-07-29 05:00:00','ANULADO - Codigo124589','TRANSFER','2025-05-31 01:22:56.653025',56,52,NULL),(159,50.00,0.00,'2025-05-02 12:00:00','2025-07-29 05:00:00','ANULADO - Codigo124589','TRANSFER','2025-05-31 01:23:00.624309',55,52,NULL),(160,50.00,0.00,'2025-05-30 12:00:00','2025-06-29 05:00:00','ANULADO - 01368592','TRANSFER','2025-05-31 01:23:03.898421',54,52,NULL),(161,50.00,0.00,'2025-05-30 12:00:00','2025-06-29 05:00:00','Codigo124589','TRANSFER','2025-05-31 01:23:42.370973',70,52,NULL),(162,50.00,0.00,'2025-05-09 12:00:00','2025-05-30 05:00:00','Codigo124589','TRANSFER','2025-05-31 01:26:12.023281',71,55,NULL),(163,50.00,0.00,'2025-05-23 12:00:00','2025-06-29 05:00:00','Codigo124589','TRANSFER','2025-05-31 01:28:37.804425',72,55,NULL),(164,50.00,0.00,'2025-05-30 05:00:00','2025-07-28 05:00:00','Codigo124589','TRANSFER','2025-05-31 01:37:45.465601',73,55,NULL),(165,50.00,0.00,'2025-05-03 05:00:00','2025-08-28 05:00:00','01368592','TRANSFER','2025-05-31 01:37:59.387843',74,55,NULL),(166,50.00,0.00,'2025-05-03 05:00:00','2025-08-28 05:00:00','ANULADO - 01368592','TRANSFER','2025-05-31 01:38:14.527948',74,55,NULL),(167,50.00,0.00,'2025-05-30 05:00:00','2025-07-28 05:00:00','ANULADO - Codigo124589','TRANSFER','2025-05-31 01:38:20.887000',73,55,NULL),(168,50.00,0.00,'2025-05-23 12:00:00','2025-06-29 05:00:00','ANULADO - Codigo124589','TRANSFER','2025-05-31 01:38:26.437242',72,55,NULL),(169,50.00,0.00,'2025-05-09 12:00:00','2025-05-30 05:00:00','ANULADO - Codigo124589','TRANSFER','2025-05-31 01:38:35.155027',71,55,NULL),(170,50.00,0.00,'2025-05-09 05:00:00','2025-06-30 05:00:00','Codigo124589','TRANSFER','2025-05-31 01:39:41.519765',75,55,NULL),(171,50.00,0.00,'2025-05-30 05:00:00','2025-07-28 05:00:00','Codigo1245898','TRANSFER','2025-05-31 02:00:52.544620',76,52,NULL),(172,50.00,0.00,'2025-05-30 05:00:00','2025-07-28 05:00:00','ANULADO - Codigo1245898','TRANSFER','2025-05-31 02:52:55.772460',76,52,NULL),(173,40.00,0.00,'2025-06-02 05:00:00','2025-05-31 05:00:00','Codigo124589','TRANSFER','2025-06-03 00:41:26.786785',77,138,NULL),(174,40.00,0.00,'2025-06-01 05:00:00','2025-07-01 05:00:00','Codigo124589','TRANSFER','2025-06-03 00:42:55.670678',78,138,NULL),(175,50.00,0.00,'2025-06-02 05:00:00','2025-06-03 05:00:00','Codigo124589','TRANSFER','2025-06-03 00:43:30.967556',79,137,NULL),(176,50.00,10.00,'2025-06-02 05:00:00','2025-07-03 05:00:00','Codigo124589','TRANSFER','2025-06-03 00:44:12.476714',80,137,NULL),(177,50.00,0.00,'2025-06-01 05:00:00','2025-08-03 05:00:00','Codigo124589','TRANSFER','2025-06-03 01:01:09.544903',81,137,NULL),(178,50.00,0.00,'2025-06-02 05:00:00','2025-08-01 05:00:00','asd','TRANSFER','2025-06-03 01:07:50.174651',82,138,NULL),(179,48.80,1.20,'2025-06-01 05:00:00','2025-09-01 05:00:00','Codigo124589','TRANSFER','2025-06-03 01:12:21.920642',83,138,NULL),(180,50.00,0.00,'2025-06-02 05:00:00','2026-06-03 05:00:00','asdasd','TRANSFER','2025-06-03 03:06:44.711095',84,2,NULL),(181,50.00,0.00,'2025-06-02 05:00:00','2025-07-03 05:00:00','f34fddf','TRANSFER','2025-06-03 03:07:22.202725',85,3,NULL),(182,50.00,0.00,'2025-06-02 05:00:00','2025-06-02 05:00:00','f34fddf','TRANSFER','2025-06-03 03:12:28.451512',86,1,NULL),(183,59.00,1.00,'2025-06-06 05:00:00','2025-06-03 05:00:00','Codigo124589','TRANSFER','2025-06-07 12:33:13.822423',87,4,NULL),(184,50.00,0.00,'2025-06-06 05:00:00','2025-07-03 05:00:00','','TRANSFER','2025-06-07 12:35:03.530600',88,4,NULL);
/*!40000 ALTER TABLE `payment_history` ENABLE KEYS */;
UNLOCK TABLES;

--
-- Table structure for table `permissions`
--

DROP TABLE IF EXISTS `permissions`;
/*!40101 SET @saved_cs_client     = @@character_set_client */;
/*!50503 SET character_set_client = utf8mb4 */;
CREATE TABLE `permissions` (
  `id` int(11) NOT NULL AUTO_INCREMENT,
  `name` varchar(255) NOT NULL,
  `routeCode` varchar(255) NOT NULL,
  `actions` text DEFAULT NULL,
  `restrictions` text DEFAULT NULL,
  `isSubRoute` tinyint(4) NOT NULL DEFAULT 0,
  `created_at` timestamp(6) NOT NULL DEFAULT current_timestamp(6),
  `updated_at` timestamp(6) NOT NULL DEFAULT current_timestamp(6) ON UPDATE current_timestamp(6),
  PRIMARY KEY (`id`)
) ENGINE=InnoDB DEFAULT CHARSET=utf8mb4 COLLATE=utf8mb4_spanish2_ci;
/*!40101 SET character_set_client = @saved_cs_client */;

--
-- Dumping data for table `permissions`
--

LOCK TABLES `permissions` WRITE;
/*!40000 ALTER TABLE `permissions` DISABLE KEYS */;
/*!40000 ALTER TABLE `permissions` ENABLE KEYS */;
UNLOCK TABLES;

--
-- Table structure for table `plans`
--

DROP TABLE IF EXISTS `plans`;
/*!40101 SET @saved_cs_client     = @@character_set_client */;
/*!50503 SET character_set_client = utf8mb4 */;
CREATE TABLE `plans` (
  `id` int(11) NOT NULL AUTO_INCREMENT,
  `name` varchar(255) DEFAULT NULL,
  `price` decimal(10,2) NOT NULL,
  `description` varchar(255) DEFAULT NULL,
  `speed` int(11) DEFAULT NULL,
  `created_at` timestamp(6) NOT NULL DEFAULT current_timestamp(6),
  `update_at` timestamp(6) NOT NULL DEFAULT current_timestamp(6) ON UPDATE current_timestamp(6),
  `serviceId` int(11) DEFAULT NULL,
  PRIMARY KEY (`id`),
  KEY `FK_ce3ff05254e0f11691025ce68d5` (`serviceId`),
  CONSTRAINT `FK_ce3ff05254e0f11691025ce68d5` FOREIGN KEY (`serviceId`) REFERENCES `service` (`id`) ON DELETE SET NULL ON UPDATE CASCADE
) ENGINE=InnoDB AUTO_INCREMENT=4 DEFAULT CHARSET=utf8mb4 COLLATE=utf8mb4_spanish2_ci;
/*!40101 SET character_set_client = @saved_cs_client */;

--
-- Dumping data for table `plans`
--

LOCK TABLES `plans` WRITE;
/*!40000 ALTER TABLE `plans` DISABLE KEYS */;
INSERT INTO `plans` VALUES (1,'PLAN 40',40.00,'PLAN ECONOMICO',10,'2025-05-05 09:38:17.223122','2025-05-09 18:59:50.000000',1),(2,'Plan 100 Mbs',50.00,'',100,'2025-05-05 11:54:13.259014','2025-05-05 11:54:13.259014',2),(3,'PLAN 50',50.00,'',10,'2025-05-05 20:27:40.539880','2025-05-05 20:27:40.539880',1);
/*!40000 ALTER TABLE `plans` ENABLE KEYS */;
UNLOCK TABLES;

--
-- Table structure for table `role-has-permissions`
--

DROP TABLE IF EXISTS `role-has-permissions`;
/*!40101 SET @saved_cs_client     = @@character_set_client */;
/*!50503 SET character_set_client = utf8mb4 */;
CREATE TABLE `role-has-permissions` (
  `id` int(11) NOT NULL AUTO_INCREMENT,
  `name` varchar(255) NOT NULL,
  `routeCode` varchar(255) NOT NULL,
  `actions` text DEFAULT NULL,
  `restrictions` text DEFAULT NULL,
  `isSubRoute` tinyint(4) NOT NULL DEFAULT 0,
  `created_at` timestamp(6) NOT NULL DEFAULT current_timestamp(6),
  `updated_at` timestamp(6) NOT NULL DEFAULT current_timestamp(6) ON UPDATE current_timestamp(6),
  `permissionId` int(11) DEFAULT NULL,
  `roleId` int(11) DEFAULT NULL,
  PRIMARY KEY (`id`),
  KEY `FK_ba740b845484026f71496a044e9` (`permissionId`),
  KEY `FK_233b94cbe69e1a0b745c5295eb1` (`roleId`),
  CONSTRAINT `FK_233b94cbe69e1a0b745c5295eb1` FOREIGN KEY (`roleId`) REFERENCES `roles` (`id`) ON DELETE CASCADE ON UPDATE CASCADE,
  CONSTRAINT `FK_ba740b845484026f71496a044e9` FOREIGN KEY (`permissionId`) REFERENCES `permissions` (`id`) ON DELETE CASCADE ON UPDATE CASCADE
) ENGINE=InnoDB DEFAULT CHARSET=utf8mb4 COLLATE=utf8mb4_spanish2_ci;
/*!40101 SET character_set_client = @saved_cs_client */;

--
-- Dumping data for table `role-has-permissions`
--

LOCK TABLES `role-has-permissions` WRITE;
/*!40000 ALTER TABLE `role-has-permissions` DISABLE KEYS */;
/*!40000 ALTER TABLE `role-has-permissions` ENABLE KEYS */;
UNLOCK TABLES;

--
-- Table structure for table `roles`
--

DROP TABLE IF EXISTS `roles`;
/*!40101 SET @saved_cs_client     = @@character_set_client */;
/*!50503 SET character_set_client = utf8mb4 */;
CREATE TABLE `roles` (
  `id` int(11) NOT NULL AUTO_INCREMENT,
  `name` varchar(255) NOT NULL,
  `description` varchar(255) DEFAULT NULL,
  `allowAll` tinyint(4) NOT NULL DEFAULT 0,
  `isPublic` tinyint(4) NOT NULL DEFAULT 0,
  `created_at` timestamp(6) NOT NULL DEFAULT current_timestamp(6),
  `updated_at` timestamp(6) NOT NULL DEFAULT current_timestamp(6) ON UPDATE current_timestamp(6),
  PRIMARY KEY (`id`)
) ENGINE=InnoDB AUTO_INCREMENT=2 DEFAULT CHARSET=utf8mb4 COLLATE=utf8mb4_spanish2_ci;
/*!40101 SET character_set_client = @saved_cs_client */;

--
-- Dumping data for table `roles`
--

LOCK TABLES `roles` WRITE;
/*!40000 ALTER TABLE `roles` DISABLE KEYS */;
INSERT INTO `roles` VALUES (1,'Admin','Administrator role with full access',1,0,'2025-05-05 08:08:56.419453','2025-05-05 08:08:56.419453');
/*!40000 ALTER TABLE `roles` ENABLE KEYS */;
UNLOCK TABLES;

--
-- Table structure for table `sectors`
--

DROP TABLE IF EXISTS `sectors`;
/*!40101 SET @saved_cs_client     = @@character_set_client */;
/*!50503 SET character_set_client = utf8mb4 */;
CREATE TABLE `sectors` (
  `id` int(11) NOT NULL AUTO_INCREMENT,
  `name` varchar(255) NOT NULL,
  `description` varchar(255) DEFAULT NULL,
  `created_at` timestamp(6) NOT NULL DEFAULT current_timestamp(6),
  `update_at` timestamp(6) NOT NULL DEFAULT current_timestamp(6) ON UPDATE current_timestamp(6),
  PRIMARY KEY (`id`),
  UNIQUE KEY `IDX_1a10b192342e5165948f4dccef` (`name`)
) ENGINE=InnoDB AUTO_INCREMENT=11 DEFAULT CHARSET=utf8mb4 COLLATE=utf8mb4_spanish2_ci;
/*!40101 SET character_set_client = @saved_cs_client */;

--
-- Dumping data for table `sectors`
--

LOCK TABLES `sectors` WRITE;
/*!40000 ALTER TABLE `sectors` DISABLE KEYS */;
INSERT INTO `sectors` VALUES (1,'Tarica','','2025-05-05 09:37:34.625280','2025-05-09 14:53:01.000000'),(2,'Huantallon','','2025-05-05 11:44:28.710606','2025-05-05 11:44:28.710606'),(3,'Mullaca','','2025-05-05 11:44:58.332958','2025-05-05 11:44:58.332958'),(4,'Uchuyacu','','2025-05-05 11:45:37.326344','2025-05-05 11:45:37.326344'),(5,'Santa Rosa','','2025-05-05 11:46:02.465900','2025-05-05 11:46:02.465900'),(6,'Monterrey','','2025-05-05 11:46:45.187081','2025-05-05 11:46:45.187081'),(7,'Chavin','','2025-05-05 11:47:21.925758','2025-05-05 11:47:21.925758'),(8,'Carianpampa','','2025-05-05 11:48:03.703310','2025-05-05 11:48:03.703310'),(9,'San Miguel','','2025-05-05 20:28:04.737306','2025-05-05 20:28:04.737306'),(10,'Tumpa','','2025-05-05 20:28:14.581744','2025-05-05 20:28:14.581744');
/*!40000 ALTER TABLE `sectors` ENABLE KEYS */;
UNLOCK TABLES;

--
-- Table structure for table `service`
--

DROP TABLE IF EXISTS `service`;
/*!40101 SET @saved_cs_client     = @@character_set_client */;
/*!50503 SET character_set_client = utf8mb4 */;
CREATE TABLE `service` (
  `id` int(11) NOT NULL AUTO_INCREMENT,
  `name` varchar(255) NOT NULL,
  `description` varchar(255) DEFAULT NULL,
  `status` enum('ACTIVE','INACTIVE') NOT NULL,
  `created_at` timestamp(6) NOT NULL DEFAULT current_timestamp(6),
  `update_at` timestamp(6) NOT NULL DEFAULT current_timestamp(6) ON UPDATE current_timestamp(6),
  PRIMARY KEY (`id`)
) ENGINE=InnoDB AUTO_INCREMENT=3 DEFAULT CHARSET=utf8mb4 COLLATE=utf8mb4_spanish2_ci;
/*!40101 SET character_set_client = @saved_cs_client */;

--
-- Dumping data for table `service`
--

LOCK TABLES `service` WRITE;
/*!40000 ALTER TABLE `service` DISABLE KEYS */;
INSERT INTO `service` VALUES (1,'Internet Inalambrico','Inalambrico','ACTIVE','2025-05-05 09:37:51.804630','2025-05-05 09:37:51.804630'),(2,'Fibra Óptica','','ACTIVE','2025-05-05 11:43:17.640734','2025-05-05 11:43:17.640734');
/*!40000 ALTER TABLE `service` ENABLE KEYS */;
UNLOCK TABLES;

--
-- Table structure for table `user`
--

DROP TABLE IF EXISTS `user`;
/*!40101 SET @saved_cs_client     = @@character_set_client */;
/*!50503 SET character_set_client = utf8mb4 */;
CREATE TABLE `user` (
  `id` int(11) NOT NULL AUTO_INCREMENT,
  `name` varchar(255) DEFAULT NULL,
  `surname` varchar(255) DEFAULT NULL,
  `documentType` varchar(255) NOT NULL,
  `documentNumber` varchar(255) NOT NULL,
  `username` varchar(255) NOT NULL,
  `email` varchar(255) NOT NULL,
  `phone` varchar(255) DEFAULT NULL,
  `password` varchar(255) DEFAULT NULL,
  `isActive` tinyint(4) NOT NULL DEFAULT 1,
  `created_at` timestamp(6) NOT NULL DEFAULT current_timestamp(6),
  `updated_at` timestamp(6) NOT NULL DEFAULT current_timestamp(6) ON UPDATE current_timestamp(6),
  `roleId` int(11) DEFAULT NULL,
  PRIMARY KEY (`id`),
  UNIQUE KEY `IDX_78a916df40e02a9deb1c4b75ed` (`username`),
  UNIQUE KEY `IDX_e12875dfb3b1d92d7d7c5377e2` (`email`),
  UNIQUE KEY `IDX_8e1f623798118e629b46a9e629` (`phone`),
  KEY `FK_c28e52f758e7bbc53828db92194` (`roleId`),
  CONSTRAINT `FK_c28e52f758e7bbc53828db92194` FOREIGN KEY (`roleId`) REFERENCES `roles` (`id`) ON DELETE SET NULL ON UPDATE CASCADE
) ENGINE=InnoDB AUTO_INCREMENT=3 DEFAULT CHARSET=utf8mb4 COLLATE=utf8mb4_spanish2_ci;
/*!40101 SET character_set_client = @saved_cs_client */;

--
-- Dumping data for table `user`
--

LOCK TABLES `user` WRITE;
/*!40000 ALTER TABLE `user` DISABLE KEYS */;
INSERT INTO `user` VALUES (1,'GRUPO','Hemmy','DNI','12345678','admin','grupohemmy@gmail.com','974834831','$2b$10$y2gyKjwLWvW2C7.PCYk4ju9VhHqQ/Ucq5zO2Zg2TVxfxFEtVxGOU6',1,'2025-05-05 08:08:56.851207','2025-05-08 18:27:59.000000',1),(2,'Admin','Hemmy','DNI','12345678','hemicha','admin@hemmy.com','999999999','$2b$10$AxUzbZyYinaWyO9ab08hruHedpMJaM5Co5r2f2CjmkhuccD4mRPQe',1,'2025-05-08 21:38:58.791361','2025-05-08 21:38:58.791361',1);
/*!40000 ALTER TABLE `user` ENABLE KEYS */;
UNLOCK TABLES;
/*!40103 SET TIME_ZONE=@OLD_TIME_ZONE */;

/*!40101 SET SQL_MODE=@OLD_SQL_MODE */;
/*!40014 SET FOREIGN_KEY_CHECKS=@OLD_FOREIGN_KEY_CHECKS */;
/*!40014 SET UNIQUE_CHECKS=@OLD_UNIQUE_CHECKS */;
/*!40101 SET CHARACTER_SET_CLIENT=@OLD_CHARACTER_SET_CLIENT */;
/*!40101 SET CHARACTER_SET_RESULTS=@OLD_CHARACTER_SET_RESULTS */;
/*!40101 SET COLLATION_CONNECTION=@OLD_COLLATION_CONNECTION */;
/*!40111 SET SQL_NOTES=@OLD_SQL_NOTES */;

-- Dump completed on 2025-07-08 10:53:33
