-- MySQL dump 10.13  Distrib 8.0.37, for Win64 (x86_64)
--
-- Host: localhost    Database: group_hemmy
-- ------------------------------------------------------
-- Server version	5.5.5-10.4.32-MariaDB

/*!40101 SET @OLD_CHARACTER_SET_CLIENT=@@CHARACTER_SET_CLIENT */;
/*!40101 SET @OLD_CHARACTER_SET_RESULTS=@@CHARACTER_SET_RESULTS */;
/*!40101 SET @OLD_COLLATION_CONNECTION=@@COLLATION_CONNECTION */;
/*!50503 SET NAMES utf8mb4 */;
/*!40103 SET @OLD_TIME_ZONE=@@TIME_ZONE */;
/*!40103 SET TIME_ZONE='+00:00' */;
/*!40014 SET @OLD_UNIQUE_CHECKS=@@UNIQUE_CHECKS, UNIQUE_CHECKS=0 */;
/*!40014 SET @OLD_FOREIGN_KEY_CHECKS=@@FOREIGN_KEY_CHECKS, FOREIGN_KEY_CHECKS=0 */;
/*!40101 SET @OLD_SQL_MODE=@@SQL_MODE, SQL_MODE='NO_AUTO_VALUE_ON_ZERO' */;
/*!40111 SET @OLD_SQL_NOTES=@@SQL_NOTES, SQL_NOTES=0 */;

--
-- Table structure for table `client_payment_configs`
--

DROP TABLE IF EXISTS `client_payment_configs`;
/*!40101 SET @saved_cs_client     = @@character_set_client */;
/*!50503 SET character_set_client = utf8mb4 */;
CREATE TABLE `client_payment_configs` (
  `id` int(11) NOT NULL AUTO_INCREMENT,
  `installationId` int(11) NOT NULL,
  `initialPaymentDate` date DEFAULT NULL,
  `advancePayment` tinyint(1) DEFAULT 0,
  `paymentStatus` enum('SUSPENDED','EXPIRING','EXPIRED','PAID') DEFAULT 'PAID',
  `created_at` datetime DEFAULT current_timestamp(),
  `updated_at` datetime DEFAULT current_timestamp() ON UPDATE current_timestamp(),
  PRIMARY KEY (`id`)
) ENGINE=InnoDB AUTO_INCREMENT=64 DEFAULT CHARSET=utf8mb4 COLLATE=utf8mb4_spanish2_ci;
/*!40101 SET character_set_client = @saved_cs_client */;

--
-- Dumping data for table `client_payment_configs`
--

LOCK TABLES `client_payment_configs` WRITE;
/*!40000 ALTER TABLE `client_payment_configs` DISABLE KEYS */;
INSERT INTO `client_payment_configs` VALUES (1,1,NULL,1,'EXPIRED','2025-05-05 04:39:26','2025-05-31 00:00:01'),(2,2,'2026-06-03',1,'PAID','2025-05-05 06:59:42','2025-06-02 22:06:44'),(3,3,'2025-07-03',1,'PAID','2025-05-05 09:50:45','2025-06-02 22:07:22'),(4,4,'2025-06-03',1,'PAID','2025-05-05 15:20:40','2025-06-07 07:35:03'),(5,5,'2025-05-16',0,'PAID','2025-05-05 15:26:42','2025-05-30 18:45:16'),(6,6,NULL,1,'EXPIRED','2025-05-05 15:30:56','2025-05-31 00:00:00'),(7,7,NULL,1,'EXPIRED','2025-05-08 17:47:28','2025-05-31 00:00:00'),(8,8,NULL,0,'SUSPENDED','2025-05-09 09:17:06','2025-05-31 00:00:00'),(9,9,NULL,0,'EXPIRED','2025-05-09 09:26:40','2025-05-31 00:00:00'),(10,10,NULL,0,'PAID','2025-05-09 09:32:25','2025-05-09 09:49:54'),(11,11,NULL,1,'PAID','2025-05-09 09:44:18','2025-05-09 09:47:52'),(12,12,NULL,1,'EXPIRED','2025-05-09 09:55:28','2025-05-31 00:00:00'),(13,13,NULL,0,'EXPIRING','2025-05-09 13:58:36','2025-05-31 00:00:00'),(14,14,NULL,0,'PAID','2025-05-24 19:45:30','2025-07-08 08:55:54'),(15,15,NULL,0,'PAID','2025-05-24 20:04:11','2025-07-08 08:55:54'),(16,16,NULL,0,'PAID','2025-05-24 20:06:16','2025-07-08 08:55:54'),(17,17,'2025-05-15',0,'PAID','2025-05-30 18:47:13','2025-05-30 18:51:06'),(18,18,'2025-05-30',0,'PAID','2025-05-30 19:05:44','2025-05-30 23:17:54'),(19,19,'2025-05-29',0,'EXPIRED','2025-05-30 19:38:05','2025-07-08 08:55:54'),(20,20,'2025-05-29',0,'PAID','2025-05-30 19:44:45','2025-05-30 21:52:55'),(21,21,'2025-05-29',0,'PAID','2025-05-30 20:07:07','2025-07-08 08:55:54'),(22,22,'2025-05-30',0,'PAID','2025-05-30 20:25:59','2025-07-08 08:55:54'),(23,23,'2025-05-31',0,'EXPIRING','2025-05-30 22:20:47','2025-07-08 08:55:54'),(24,24,'2025-05-29',0,'EXPIRED','2025-05-30 22:23:18','2025-05-31 00:00:00'),(25,25,NULL,0,'EXPIRING','2025-05-30 23:53:03','2025-07-08 08:55:54'),(26,26,'2025-05-28',0,'EXPIRED','2025-05-30 23:58:16','2025-05-30 23:58:16'),(27,27,'2025-05-28',0,'EXPIRED','2025-05-30 23:58:36','2025-05-30 23:58:36'),(28,28,'2025-05-29',0,'EXPIRED','2025-05-31 00:10:39','2025-05-31 00:10:39'),(29,29,'2025-05-28',0,'EXPIRED','2025-05-31 00:16:08','2025-05-31 00:16:08'),(30,30,'2025-05-28',0,'EXPIRED','2025-05-31 00:22:03','2025-05-31 00:22:03'),(31,31,'2025-05-27',0,'EXPIRED','2025-05-31 00:29:23','2025-05-31 00:29:23'),(32,32,'2025-05-27',0,'EXPIRED','2025-05-31 00:31:38','2025-05-31 00:31:38'),(33,33,'2025-05-26',0,'EXPIRED','2025-05-31 00:32:51','2025-06-01 21:23:04'),(34,34,'2025-05-25',0,'EXPIRED','2025-05-31 00:36:28','2025-05-31 00:36:28'),(35,35,'2025-05-23',0,'PAID','2025-05-31 00:43:53','2025-05-31 00:43:53'),(36,36,'2025-05-30',0,'PAID','2025-05-31 00:51:05','2025-05-31 00:51:05'),(37,37,'2025-05-24',0,'PAID','2025-05-31 00:55:25','2025-05-31 00:55:25'),(38,38,'2025-05-24',0,'PAID','2025-05-31 01:03:03','2025-05-31 01:03:03'),(39,39,'2025-05-30',0,'PAID','2025-05-31 19:36:26','2025-05-31 19:36:26'),(40,40,'2025-05-23',0,'PAID','2025-05-31 19:40:24','2025-05-31 19:40:24'),(41,41,'2025-05-05',0,'PAID','2025-05-31 19:47:37','2025-05-31 19:47:37'),(42,42,'2025-05-25',0,'PAID','2025-05-31 19:55:25','2025-05-31 19:55:25'),(43,43,'2025-05-18',0,'PAID','2025-05-31 20:03:18','2025-05-31 20:03:18'),(44,44,'2025-05-03',0,'PAID','2025-05-31 20:08:48','2025-05-31 20:08:48'),(45,45,'2025-05-16',0,'PAID','2025-05-31 20:49:19','2025-05-31 20:49:19'),(46,46,'2025-05-24',0,'PAID','2025-05-31 20:54:33','2025-05-31 20:54:33'),(47,47,'2025-05-19',0,'PAID','2025-05-31 20:59:09','2025-05-31 20:59:09'),(48,48,'2025-05-11',0,'PAID','2025-05-31 21:05:54','2025-05-31 21:05:54'),(49,49,'2025-05-17',0,'PAID','2025-05-31 21:17:33','2025-05-31 21:17:33'),(50,50,'2025-05-31',0,'PAID','2025-05-31 22:04:01','2025-05-31 22:04:01'),(51,51,'2025-05-30',0,'PAID','2025-05-31 22:11:13','2025-05-31 22:11:13'),(52,52,'2025-06-01',0,'PAID','2025-06-01 15:45:55','2025-06-01 15:45:55'),(53,53,'2025-06-01',1,'EXPIRED','2025-06-01 16:13:59','2025-07-08 08:55:54'),(54,54,'2025-06-02',0,'PAID','2025-06-01 16:36:58','2025-06-01 16:36:58'),(55,55,'2025-06-13',0,'PAID','2025-06-01 17:02:01','2025-06-01 17:02:01'),(56,56,'2025-06-08',0,'EXPIRING','2025-06-01 17:38:53','2025-06-01 19:49:31'),(57,57,'2025-06-08',0,'PAID','2025-06-01 17:53:19','2025-07-08 08:55:54'),(58,58,'2025-06-05',1,'EXPIRING','2025-06-01 21:15:59','2025-07-08 08:55:54'),(59,59,'2025-06-02',0,'PAID','2025-06-02 19:27:44','2025-07-08 08:55:54'),(60,60,'2025-06-03',0,'PAID','2025-06-02 19:29:52','2025-07-08 08:55:54'),(61,61,'2025-05-31',0,'PAID','2025-06-02 19:31:12','2025-07-08 08:55:54');
/*!40000 ALTER TABLE `client_payment_configs` ENABLE KEYS */;
UNLOCK TABLES;

--
-- Table structure for table `clients`
--

DROP TABLE IF EXISTS `clients`;
/*!40101 SET @saved_cs_client     = @@character_set_client */;
/*!50503 SET character_set_client = utf8mb4 */;
CREATE TABLE `clients` (
  `id` int(11) NOT NULL AUTO_INCREMENT,
  `name` varchar(100) NOT NULL,
  `lastName` varchar(100) NOT NULL,
  `dni` varchar(20) NOT NULL,
  `phone` varchar(20) DEFAULT NULL,
  `address` text DEFAULT NULL,
  `status` enum('ACTIVE','SUSPENDED','INACTIVE') DEFAULT 'ACTIVE',
  `birthdate` date DEFAULT NULL,
  `created_at` datetime DEFAULT current_timestamp(),
  `updated_at` datetime DEFAULT current_timestamp() ON UPDATE current_timestamp(),
  PRIMARY KEY (`id`)
) ENGINE=InnoDB AUTO_INCREMENT=139 DEFAULT CHARSET=utf8mb4 COLLATE=utf8mb4_spanish2_ci;
/*!40101 SET character_set_client = @saved_cs_client */;

--
-- Dumping data for table `clients`
--

LOCK TABLES `clients` WRITE;
/*!40000 ALTER TABLE `clients` DISABLE KEYS */;
INSERT INTO `clients` VALUES (1,'Mery Blanca','Chinchay Gomez','41663054','951376951','Carrtera Huantallon','ACTIVE',NULL,'2025-05-05 04:39:26','2025-05-31 00:00:01'),(2,'Yuli Julissa','Rímac López','75524515','987780017','Calle la soledad s/n','ACTIVE',NULL,'2025-05-05 06:59:42','2025-06-02 22:06:44'),(3,'Miguel Angel','Regaldo Palma','74357705','948954927','Carretera Huaraz - Caraz ','ACTIVE',NULL,'2025-05-05 09:50:45','2025-06-02 22:07:22'),(4,'Eberth Gabriel','Minaya Garcia','44825378','943900818','Carreterea Huaraz - Caraz','ACTIVE',NULL,'2025-05-05 15:20:40','2025-06-07 07:35:03'),(5,'Grescia ','Evangelina Salvador','60858237','991438074','Carretera San Miguel','ACTIVE',NULL,'2025-05-05 15:26:42','2025-05-30 18:45:16'),(6,'Edinson ','Atoc Obregon','71926248','928028535','Jr. Miguel Grau ','ACTIVE',NULL,'2025-05-05 15:30:56','2025-05-31 00:00:00'),(7,'Lenin','Linares Leiva','75671429','938231126','Carretera Musho - Tumpa','ACTIVE',NULL,'2025-05-08 17:47:28','2025-05-31 00:00:00'),(8,'Hiber Victor ','Alva Pachas','33342491','943499360','Av. Monterrey Nro. 4997','SUSPENDED',NULL,'2025-05-09 09:17:06','2025-05-31 00:00:00'),(9,'Flor ','Maguiña Ayala','45889852','910670128','Carrterera Huaraz - Caraz ','ACTIVE',NULL,'2025-05-09 09:26:40','2025-05-31 00:00:00'),(10,'Keyvin Justo','Minaya Picon','75261732','935224372','Primer entrada a Huantallon','ACTIVE',NULL,'2025-05-09 09:32:25','2025-05-09 09:49:54'),(11,'Alex Manuel ','Blas Colonia ','46262455','976732200','Carretera Huantallon','ACTIVE',NULL,'2025-05-09 09:44:18','2025-05-09 09:47:52'),(12,'Daniel Jesus ','Chavez Javier','44049492','978208097','Caserio Santa Rosa','ACTIVE',NULL,'2025-05-09 09:55:28','2025-05-31 00:00:00'),(13,'Denis Patricia ','Cashpa Vega','47104542','924132661','Centro Poblado de Tumpa ','ACTIVE',NULL,'2025-05-09 13:58:36','2025-05-31 00:00:00'),(14,'Juana','Lopez','14785236','963258741','caserio de itaca','ACTIVE',NULL,'2025-05-24 19:45:30','2025-07-08 08:55:54'),(15,'Franchesca','Vernurim','78523641','963258741','Caserio de Huantalloni','ACTIVE',NULL,'2025-05-24 20:04:11','2025-07-08 08:55:54'),(16,'Camila','Camleona','12345678','985632147','Caserio de Huantalloni','ACTIVE',NULL,'2025-05-24 20:06:16','2025-07-08 08:55:54'),(49,'Manzuelo','Pilatos','85236974','985632147','direc 1','ACTIVE',NULL,'2025-05-30 18:47:13','2025-05-30 18:51:06'),(50,'Lipoco','Almeño','8523641','963258874','caserios','ACTIVE',NULL,'2025-05-30 19:05:44','2025-05-30 23:17:54'),(51,'Fiona','Camerino','96325874','963258741','directo','ACTIVE',NULL,'2025-05-30 19:38:05','2025-07-08 08:55:54'),(52,'Josefina','Caushi','85236963','956321487','Caserio de Huantalloni','ACTIVE',NULL,'2025-05-30 19:44:45','2025-05-30 21:52:55'),(53,'Kilomatro','Liponcio','85236417','963258741','directos','ACTIVE',NULL,'2025-05-30 20:07:07','2025-07-08 08:55:54'),(55,'Fermin','Fiscal','85236418','963258741','dolias','ACTIVE',NULL,'2025-05-30 20:25:59','2025-07-08 08:55:54'),(56,'Delia','Huanca','8526363','963258741','asdas','ACTIVE',NULL,'2025-05-30 22:20:47','2025-07-08 08:55:54'),(57,'San Antonio ','Padua','8523649','985632145','olas','ACTIVE',NULL,'2025-05-30 22:23:18','2025-05-31 00:00:00'),(62,'Camila','Martínez','75584011','985632145','sdfsdf','ACTIVE',NULL,'2025-05-30 23:53:03','2025-07-08 08:55:54'),(67,'Jorge','Calle','63528417','963001212','asdasda asdas','ACTIVE',NULL,'2025-05-30 23:58:16','2025-05-30 23:58:16'),(69,'Jorge','Calle','63528419','963001212','asdasda asdas','ACTIVE',NULL,'2025-05-30 23:58:36','2025-05-30 23:58:36'),(75,'Camila','Padua','78521112','965325888','Caserio de Huantalloni','ACTIVE',NULL,'2025-05-31 00:10:39','2025-05-31 00:10:39'),(79,'Josue','Deacruz','96325863','963258741','asd','ACTIVE',NULL,'2025-05-31 00:16:08','2025-05-31 00:16:08'),(81,'Juan ','Quispe','85263633','963258523','sfsdfs','ACTIVE',NULL,'2025-05-31 00:22:03','2025-05-31 00:22:03'),(83,'Benedicta','Armalias','85258525','963214545','asd','ACTIVE',NULL,'2025-05-31 00:29:23','2025-05-31 00:29:23'),(85,'Relisa','Marquez','63254125','985632146','asd direc','ACTIVE',NULL,'2025-05-31 00:31:38','2025-05-31 00:31:38'),(87,'Lilo','comendiate','35684545','963258741','asd asd','ACTIVE',NULL,'2025-05-31 00:32:51','2025-06-01 21:23:04'),(89,'Samanta','Cornejo','12365433','965144545','asd asd','ACTIVE',NULL,'2025-05-31 00:36:28','2025-05-31 00:36:28'),(91,'Feliciana','Amanda','85246333','981631312','nose','ACTIVE',NULL,'2025-05-31 00:43:53','2025-05-31 00:43:53'),(93,'Dalila','linamitaa','65231455','994646466','asd asd','ACTIVE',NULL,'2025-05-31 00:51:05','2025-05-31 00:51:05'),(95,'Sole','galia','86131232','934546345','ghjghj gh','ACTIVE',NULL,'2025-05-31 00:55:25','2025-05-31 00:55:25'),(97,'San Antonio ','Martínez','75584099','985632145','Caserio de Huantalloni','ACTIVE',NULL,'2025-05-31 01:03:03','2025-05-31 01:03:03'),(99,'Josias','Almades','85231465','974546453','asdasd asd asd','ACTIVE',NULL,'2025-05-31 19:36:26','2025-05-31 19:36:26'),(101,'Casemiro','Estefanio','85236412','963258741','direccion 23','ACTIVE',NULL,'2025-05-31 19:40:24','2025-05-31 19:40:24'),(103,'Matias ','Peralta','45236878','976786784','sdf','ACTIVE',NULL,'2025-05-31 19:47:37','2025-05-31 19:47:37'),(105,'Camerino','Solano','32164565','965213454','directo','ACTIVE',NULL,'2025-05-31 19:55:25','2025-05-31 19:55:25'),(107,'Senaida','Zevallos','31546545','987312212','diorectos','ACTIVE',NULL,'2025-05-31 20:03:18','2025-05-31 20:03:18'),(108,'Sonia','CALLUPE','45645466','963258444','ASDF','ACTIVE',NULL,'2025-05-31 20:08:48','2025-05-31 20:08:48'),(109,'Frapepe','Perez','85264455','945466556','as','ACTIVE',NULL,'2025-05-31 20:49:19','2025-05-31 20:49:19'),(110,'Anabel','Carrillo','65231121','963258417','as','ACTIVE',NULL,'2025-05-31 20:54:33','2025-05-31 20:54:33'),(111,'Anastacia','Prado','43543545','946345465','asd sad','ACTIVE',NULL,'2025-05-31 20:59:09','2025-05-31 20:59:09'),(112,'Carlos','Rodriguez','45656465','987121312','amen','ACTIVE',NULL,'2025-05-31 21:05:54','2025-05-31 21:05:54'),(114,'Marco','Felipe','45464564','946454645','direc','ACTIVE',NULL,'2025-05-31 21:17:33','2025-05-31 21:17:33'),(116,'Germania','Fremaz','46449884','946456465','sdf sdfsdf','ACTIVE',NULL,'2025-05-31 22:04:01','2025-05-31 22:04:01'),(120,'Sandi','Zalzar','13544646','946431225','as','ACTIVE',NULL,'2025-05-31 22:11:13','2025-05-31 22:11:13'),(122,'Angel','Zafiro','84654565','978132165','sfsd sdf s','ACTIVE',NULL,'2025-06-01 15:45:55','2025-06-01 15:45:55'),(125,'Lauroaa','Gomelins','65354546','946545456','a as sss','ACTIVE',NULL,'2025-06-01 16:13:59','2025-07-08 08:55:54'),(127,'Julia','Armanda','45646546','974564421','Direccition','ACTIVE',NULL,'2025-06-01 16:36:58','2025-06-01 16:36:58'),(130,'Samritana','Alva','54346454','946545411','asdas','ACTIVE',NULL,'2025-06-01 17:02:01','2025-06-01 17:02:01'),(132,'Liria','Gumencinda','78213132','974123132','asd','ACTIVE',NULL,'2025-06-01 17:38:53','2025-06-01 19:49:31'),(134,'Felipossrr','Armquimedesassr','43216545','963333564','Direccion almassr','ACTIVE',NULL,'2025-06-01 17:53:19','2025-07-08 08:55:54'),(135,'Alejandro ','Magno','23546423','943423111','dre','ACTIVE',NULL,'2025-06-01 21:15:59','2025-07-08 08:55:54'),(136,'Fernanda','Amenazada','32156465','961345466','directo al corazon','ACTIVE',NULL,'2025-06-02 19:27:44','2025-07-08 08:55:54'),(137,'Golondrian','Dalmata','75584091','913453456','asd','ACTIVE',NULL,'2025-06-02 19:29:52','2025-07-08 08:55:54'),(138,'Fonias','koliat','45645462','985632145','Caserio de Huantalloni','ACTIVE',NULL,'2025-06-02 19:31:12','2025-07-08 08:55:54');
/*!40000 ALTER TABLE `clients` ENABLE KEYS */;
UNLOCK TABLES;

--
-- Table structure for table `devices`
--

DROP TABLE IF EXISTS `devices`;
/*!40101 SET @saved_cs_client     = @@character_set_client */;
/*!50503 SET character_set_client = utf8mb4 */;
CREATE TABLE `devices` (
  `id` int(11) NOT NULL AUTO_INCREMENT,
  `macAddress` varchar(100) DEFAULT NULL,
  `type` enum('router','deco','ont','switch','laptop','crimpadora','tester','antena','fibra','conector','otro') DEFAULT NULL,
  `brand` varchar(100) DEFAULT NULL,
  `model` varchar(100) DEFAULT NULL,
  `status` enum('STOCK','ASSIGNED','SOLD','MAINTENANCE','LOST','SCRAPPED') DEFAULT NULL,
  `assignedDate` date DEFAULT NULL,
  `useType` enum('CLIENT','EMPLOYEE','COMPANY','CONSUMABLE') DEFAULT NULL,
  `assignedClientId` int(11) DEFAULT NULL,
  `assignedEmployeeId` int(11) DEFAULT NULL,
  `assignedInstallationId` int(11) DEFAULT NULL,
  `notes` text DEFAULT NULL,
  `created_at` timestamp(6) NOT NULL DEFAULT current_timestamp(6),
  `updated_at` timestamp(6) NOT NULL DEFAULT current_timestamp(6) ON UPDATE current_timestamp(6),
  `serialNumber` varchar(255) NOT NULL,
  PRIMARY KEY (`id`)
) ENGINE=InnoDB AUTO_INCREMENT=47 DEFAULT CHARSET=utf8mb4 COLLATE=utf8mb4_spanish2_ci;
/*!40101 SET character_set_client = @saved_cs_client */;

--
-- Dumping data for table `devices`
--

LOCK TABLES `devices` WRITE;
/*!40000 ALTER TABLE `devices` DISABLE KEYS */;
INSERT INTO `devices` VALUES (1,NULL,'router',NULL,NULL,'ASSIGNED','2025-05-08','CLIENT',7,NULL,7,NULL,'2025-07-08 18:13:17.557814','2025-07-08 18:13:17.564219',''),(2,NULL,'router',NULL,NULL,'ASSIGNED','2025-05-09','CLIENT',8,NULL,8,NULL,'2025-07-08 18:13:17.557814','2025-07-08 18:13:17.564219',''),(3,NULL,'router',NULL,NULL,'ASSIGNED','2025-05-09','CLIENT',11,NULL,11,NULL,'2025-07-08 18:13:17.557814','2025-07-08 18:13:17.564219',''),(4,NULL,'router',NULL,NULL,'ASSIGNED','2025-05-24','CLIENT',14,NULL,14,NULL,'2025-07-08 18:13:17.557814','2025-07-08 18:13:17.564219',''),(5,NULL,'router',NULL,NULL,'ASSIGNED','2025-05-24','CLIENT',15,NULL,15,NULL,'2025-07-08 18:13:17.557814','2025-07-08 18:13:17.564219',''),(6,NULL,'router',NULL,NULL,'ASSIGNED','2025-05-24','CLIENT',16,NULL,16,NULL,'2025-07-08 18:13:17.557814','2025-07-08 18:13:17.564219',''),(7,NULL,'router',NULL,NULL,'ASSIGNED','2025-05-30','CLIENT',51,NULL,19,NULL,'2025-07-08 18:13:17.557814','2025-07-08 18:13:17.564219',''),(8,NULL,'router',NULL,NULL,'ASSIGNED','2025-05-30','CLIENT',53,NULL,21,NULL,'2025-07-08 18:13:17.557814','2025-07-08 18:13:17.564219',''),(9,NULL,'router',NULL,NULL,'ASSIGNED','2025-05-30','CLIENT',56,NULL,23,NULL,'2025-07-08 18:13:17.557814','2025-07-08 18:13:17.564219',''),(10,NULL,'router',NULL,NULL,'ASSIGNED','2025-05-30','CLIENT',62,NULL,25,NULL,'2025-07-08 18:13:17.557814','2025-07-08 18:13:17.564219',''),(11,NULL,'router',NULL,NULL,'ASSIGNED','2025-06-01','CLIENT',125,NULL,53,NULL,'2025-07-08 18:13:17.557814','2025-07-08 18:13:17.564219',''),(12,NULL,'router',NULL,NULL,'ASSIGNED','2025-06-01','CLIENT',134,NULL,57,NULL,'2025-07-08 18:13:17.557814','2025-07-08 18:13:17.564219',''),(13,NULL,'router',NULL,NULL,'ASSIGNED','2025-06-01','CLIENT',135,NULL,58,NULL,'2025-07-08 18:13:17.557814','2025-07-08 18:13:17.564219',''),(14,NULL,'router',NULL,NULL,'ASSIGNED','2025-06-02','CLIENT',136,NULL,59,NULL,'2025-07-08 18:13:17.557814','2025-07-08 18:13:17.564219',''),(15,NULL,'router',NULL,NULL,'ASSIGNED','2025-06-02','CLIENT',137,NULL,60,NULL,'2025-07-08 18:13:17.557814','2025-07-08 18:13:17.564219',''),(16,NULL,'router',NULL,NULL,'ASSIGNED','2025-06-02','CLIENT',138,NULL,61,NULL,'2025-07-08 18:13:17.557814','2025-07-08 18:13:17.564219',''),(32,NULL,'deco',NULL,NULL,'ASSIGNED','2025-05-24','CLIENT',14,NULL,14,NULL,'2025-07-08 18:13:17.557814','2025-07-08 18:13:17.564219',''),(33,NULL,'deco',NULL,NULL,'ASSIGNED','2025-05-24','CLIENT',15,NULL,15,NULL,'2025-07-08 18:13:17.557814','2025-07-08 18:13:17.564219',''),(34,NULL,'deco',NULL,NULL,'ASSIGNED','2025-05-24','CLIENT',16,NULL,16,NULL,'2025-07-08 18:13:17.557814','2025-07-08 18:13:17.564219',''),(35,NULL,'deco',NULL,NULL,'ASSIGNED','2025-05-30','CLIENT',51,NULL,19,NULL,'2025-07-08 18:13:17.557814','2025-07-08 18:13:17.564219',''),(36,NULL,'deco',NULL,NULL,'ASSIGNED','2025-05-30','CLIENT',53,NULL,21,NULL,'2025-07-08 18:13:17.557814','2025-07-08 18:13:17.564219',''),(37,NULL,'deco',NULL,NULL,'ASSIGNED','2025-05-30','CLIENT',55,NULL,22,NULL,'2025-07-08 18:13:17.557814','2025-07-08 18:13:17.564219',''),(38,NULL,'deco',NULL,NULL,'ASSIGNED','2025-05-30','CLIENT',56,NULL,23,NULL,'2025-07-08 18:13:17.557814','2025-07-08 18:13:17.564219',''),(39,NULL,'deco',NULL,NULL,'ASSIGNED','2025-05-30','CLIENT',62,NULL,25,NULL,'2025-07-08 18:13:17.557814','2025-07-08 18:13:17.564219',''),(40,NULL,'deco',NULL,NULL,'ASSIGNED','2025-06-01','CLIENT',125,NULL,53,NULL,'2025-07-08 18:13:17.557814','2025-07-08 18:13:17.564219',''),(41,NULL,'deco',NULL,NULL,'ASSIGNED','2025-06-01','CLIENT',134,NULL,57,NULL,'2025-07-08 18:13:17.557814','2025-07-08 18:13:17.564219',''),(42,NULL,'deco',NULL,NULL,'ASSIGNED','2025-06-01','CLIENT',135,NULL,58,NULL,'2025-07-08 18:13:17.557814','2025-07-08 18:13:17.564219',''),(43,NULL,'deco',NULL,NULL,'ASSIGNED','2025-06-02','CLIENT',136,NULL,59,NULL,'2025-07-08 18:13:17.557814','2025-07-08 18:13:17.564219',''),(44,NULL,'deco',NULL,NULL,'ASSIGNED','2025-06-02','CLIENT',137,NULL,60,NULL,'2025-07-08 18:13:17.557814','2025-07-08 18:13:17.564219',''),(45,NULL,'deco',NULL,NULL,'ASSIGNED','2025-06-02','CLIENT',138,NULL,61,NULL,'2025-07-08 18:13:17.557814','2025-07-08 18:13:17.564219','');
/*!40000 ALTER TABLE `devices` ENABLE KEYS */;
UNLOCK TABLES;

--
-- Table structure for table `employees`
--

DROP TABLE IF EXISTS `employees`;
/*!40101 SET @saved_cs_client     = @@character_set_client */;
/*!50503 SET character_set_client = utf8mb4 */;
CREATE TABLE `employees` (
  `id` int(11) NOT NULL AUTO_INCREMENT,
  `name` varchar(255) NOT NULL,
  `lastName` varchar(255) NOT NULL,
  `dni` varchar(255) NOT NULL,
  `phone` varchar(255) DEFAULT NULL,
  `roleId` int(11) NOT NULL,
  `created_at` timestamp(6) NOT NULL DEFAULT current_timestamp(6),
  `updated_at` timestamp(6) NOT NULL DEFAULT current_timestamp(6) ON UPDATE current_timestamp(6),
  PRIMARY KEY (`id`),
  UNIQUE KEY `IDX_6196007a1366caac15a821a6f3` (`dni`)
) ENGINE=InnoDB AUTO_INCREMENT=2 DEFAULT CHARSET=utf8mb4 COLLATE=utf8mb4_spanish2_ci;
/*!40101 SET character_set_client = @saved_cs_client */;

--
-- Dumping data for table `employees`
--

LOCK TABLES `employees` WRITE;
/*!40000 ALTER TABLE `employees` DISABLE KEYS */;
INSERT INTO `employees` VALUES (1,'Admin','Sistema','00000000','000000000',1,'2025-07-08 16:02:34.000000','2025-07-08 16:02:34.000000');
/*!40000 ALTER TABLE `employees` ENABLE KEYS */;
UNLOCK TABLES;

--
-- Table structure for table `installations`
--

DROP TABLE IF EXISTS `installations`;
/*!40101 SET @saved_cs_client     = @@character_set_client */;
/*!50503 SET character_set_client = utf8mb4 */;
CREATE TABLE `installations` (
  `id` int(11) NOT NULL AUTO_INCREMENT,
  `installationDate` date NOT NULL,
  `reference` text DEFAULT NULL,
  `ipAddress` varchar(255) DEFAULT NULL,
  `referenceImage` varchar(255) DEFAULT NULL,
  `clientId` int(11) NOT NULL,
  `planId` int(11) NOT NULL,
  `sectorId` int(11) NOT NULL,
  `created_at` datetime DEFAULT current_timestamp(),
  `updated_at` datetime DEFAULT current_timestamp() ON UPDATE current_timestamp(),
  PRIMARY KEY (`id`)
) ENGINE=InnoDB AUTO_INCREMENT=64 DEFAULT CHARSET=utf8mb4 COLLATE=utf8mb4_spanish2_ci;
/*!40101 SET character_set_client = @saved_cs_client */;

--
-- Dumping data for table `installations`
--

LOCK TABLES `installations` WRITE;
/*!40000 ALTER TABLE `installations` DISABLE KEYS */;
INSERT INTO `installations` VALUES (1,'2025-04-28','Casa 3 pisos',NULL,NULL,1,2,2,'2025-05-05 04:39:26','2025-05-31 00:00:01'),(2,'2025-05-04','',NULL,NULL,2,2,2,'2025-05-05 06:59:42','2025-06-02 22:06:44'),(3,'2025-05-03','',NULL,NULL,3,2,3,'2025-05-05 09:50:45','2025-06-02 22:07:22'),(4,'2025-05-03','FERRETERIA TECHO ROJO',NULL,NULL,4,2,4,'2025-05-05 15:20:40','2025-06-07 07:35:03'),(5,'2025-04-28','',NULL,NULL,5,3,9,'2025-05-05 15:26:42','2025-05-30 18:45:16'),(6,'2025-04-29','',NULL,NULL,6,3,10,'2025-05-05 15:30:56','2025-05-31 00:00:00'),(7,'2025-03-24','',NULL,NULL,7,3,10,'2025-05-08 17:47:28','2025-05-31 00:00:00'),(8,'2025-01-09','',NULL,NULL,8,2,6,'2025-05-09 09:17:06','2025-05-31 00:00:00'),(9,'2025-03-15','',NULL,NULL,9,2,3,'2025-05-09 09:26:40','2025-05-31 00:00:00'),(10,'2025-04-08','',NULL,NULL,10,2,2,'2025-05-09 09:32:25','2025-05-09 09:49:54'),(11,'2025-04-22','',NULL,NULL,11,2,2,'2025-05-09 09:44:18','2025-05-09 09:47:52'),(12,'2025-03-29','',NULL,NULL,12,2,5,'2025-05-09 09:55:28','2025-05-31 00:00:00'),(13,'2025-03-10','',NULL,NULL,13,1,10,'2025-05-09 13:58:36','2025-05-31 00:00:00'),(14,'2023-10-05','hola soy descripcion',NULL,NULL,14,3,2,'2025-05-24 19:45:30','2025-07-08 08:55:54'),(15,'2025-05-23','sin desc',NULL,NULL,15,2,4,'2025-05-24 20:04:11','2025-07-08 08:55:54'),(16,'2025-05-23','dfgdf',NULL,NULL,16,2,2,'2025-05-24 20:06:16','2025-07-08 08:55:54'),(17,'2025-05-15','',NULL,NULL,49,2,3,'2025-05-30 18:47:13','2025-05-30 18:51:06'),(18,'2025-05-09','shhe',NULL,NULL,50,3,6,'2025-05-30 19:05:44','2025-05-30 23:17:54'),(19,'2025-05-30','descripciones',NULL,NULL,51,2,7,'2025-05-30 19:38:05','2025-07-08 08:55:54'),(20,'2025-05-01','asd',NULL,NULL,52,2,2,'2025-05-30 19:44:45','2025-05-30 21:52:55'),(21,'2025-05-15','descr',NULL,NULL,53,3,2,'2025-05-30 20:07:07','2025-07-08 08:55:54'),(22,'2025-05-30','nose',NULL,NULL,55,2,2,'2025-05-30 20:25:59','2025-07-08 08:55:54'),(23,'2025-05-30','',NULL,NULL,56,3,2,'2025-05-30 22:20:47','2025-07-08 08:55:54'),(24,'2025-05-15','description',NULL,NULL,57,1,4,'2025-05-30 22:23:18','2025-05-31 00:00:00'),(25,'2025-05-30','',NULL,NULL,62,2,2,'2025-05-30 23:53:03','2025-07-08 08:55:54'),(26,'2025-05-25','',NULL,NULL,67,2,2,'2025-05-30 23:58:16','2025-05-30 23:58:16'),(27,'2025-05-25','',NULL,NULL,69,2,2,'2025-05-30 23:58:36','2025-05-30 23:58:36'),(28,'2025-05-29','',NULL,NULL,75,2,2,'2025-05-31 00:10:39','2025-05-31 00:10:39'),(29,'2025-05-28','',NULL,NULL,79,2,2,'2025-05-31 00:16:08','2025-05-31 00:16:08'),(30,'2025-05-28','dfgdf',NULL,NULL,81,1,6,'2025-05-31 00:22:03','2025-05-31 00:22:03'),(31,'2025-05-27','',NULL,NULL,83,2,2,'2025-05-31 00:29:23','2025-05-31 00:29:23'),(32,'2025-05-27','',NULL,NULL,85,2,9,'2025-05-31 00:31:38','2025-05-31 00:31:38'),(33,'2025-05-26','asdas',NULL,NULL,87,2,2,'2025-05-31 00:32:51','2025-06-01 21:23:04'),(34,'2025-05-25','',NULL,'uploads/clients/bbd8943b.png',89,2,8,'2025-05-31 00:36:28','2025-05-31 00:36:28'),(35,'2025-05-23','',NULL,NULL,91,2,2,'2025-05-31 00:43:53','2025-05-31 00:43:53'),(36,'2025-05-30','',NULL,NULL,93,2,6,'2025-05-31 00:51:05','2025-05-31 00:51:05'),(37,'2025-05-24','',NULL,NULL,95,3,6,'2025-05-31 00:55:25','2025-05-31 00:55:25'),(38,'2025-05-23','',NULL,NULL,97,2,2,'2025-05-31 01:03:03','2025-05-31 01:03:03'),(39,'2025-05-30','sgfb hjbsdhj',NULL,NULL,99,1,5,'2025-05-31 19:36:26','2025-05-31 19:36:26'),(40,'2025-05-23','',NULL,NULL,101,3,3,'2025-05-31 19:40:24','2025-05-31 19:40:24'),(41,'2025-05-04','',NULL,NULL,103,2,3,'2025-05-31 19:47:37','2025-05-31 19:47:37'),(42,'2025-05-25','',NULL,NULL,105,2,3,'2025-05-31 19:55:25','2025-05-31 19:55:25'),(43,'2025-05-17','',NULL,NULL,107,2,5,'2025-05-31 20:03:18','2025-05-31 20:03:18'),(44,'2025-05-02','',NULL,'uploads/clients/b33bedc9.jpg',108,2,2,'2025-05-31 20:08:48','2025-05-31 20:08:48'),(45,'2025-05-09','',NULL,'uploads/clients/01146e93.jpg',109,2,2,'2025-05-31 20:49:19','2025-05-31 20:49:19'),(46,'2025-05-24','',NULL,'uploads/clients/c127431c.jpg',110,2,3,'2025-05-31 20:54:33','2025-05-31 20:54:33'),(47,'2025-05-18','',NULL,'uploads/clients/b320f57f.jpg',111,2,9,'2025-05-31 20:59:09','2025-05-31 20:59:09'),(48,'2025-05-10','',NULL,'uploads/clients/6e6c4bfd.jpg',112,2,2,'2025-05-31 21:05:54','2025-05-31 21:05:54'),(49,'2025-05-17','',NULL,'uploads/clients/483f7b08.jpg',114,2,3,'2025-05-31 21:17:33','2025-05-31 21:17:33'),(50,'2025-05-31','',NULL,NULL,116,2,6,'2025-05-31 22:04:01','2025-05-31 22:04:01'),(51,'2025-05-01','',NULL,'uploads/clients/d13e31c8.jpg',120,2,2,'2025-05-31 22:11:13','2025-05-31 22:11:13'),(52,'2025-06-01','',NULL,NULL,122,2,3,'2025-06-01 15:45:55','2025-06-01 15:45:55'),(53,'2025-06-01','sssss',NULL,'uploads/clients/91b05d6a.jpg',125,2,2,'2025-06-01 16:13:59','2025-07-08 08:55:54'),(54,'2025-06-01','',NULL,'uploads/clients/738aa2b4.jpg',127,2,3,'2025-06-01 16:36:58','2025-06-01 16:36:58'),(55,'2025-06-01','',NULL,'uploads/clients/19e67887.jpg',130,3,7,'2025-06-01 17:02:01','2025-06-01 17:02:01'),(56,'2025-06-01','',NULL,'uploads/clients/24ab7217.jpg',132,3,9,'2025-06-01 17:38:53','2025-06-01 19:49:31'),(57,'2025-06-01','Descripsion noesssr',NULL,'uploads/clients/77b6aa95.jpg',134,2,1,'2025-06-01 17:53:19','2025-07-08 08:55:54'),(58,'2025-06-01','sdcxvxcv',NULL,'uploads/clients/720e8a31.jpg',135,2,4,'2025-06-01 21:15:59','2025-07-08 08:55:54'),(59,'2025-06-02','Un poco tarde',NULL,'uploads/clients/14ef7daf.jpg',136,1,7,'2025-06-02 19:27:44','2025-07-08 08:55:54'),(60,'2025-06-02','asdsa',NULL,'uploads/clients/f339d63d.jpg',137,2,2,'2025-06-02 19:29:52','2025-07-08 08:55:54'),(61,'2025-05-30','asdas dasd',NULL,NULL,138,1,3,'2025-06-02 19:31:12','2025-07-08 08:55:54');
/*!40000 ALTER TABLE `installations` ENABLE KEYS */;
UNLOCK TABLES;

--
-- Table structure for table `migrations`
--

DROP TABLE IF EXISTS `migrations`;
/*!40101 SET @saved_cs_client     = @@character_set_client */;
/*!50503 SET character_set_client = utf8mb4 */;
CREATE TABLE `migrations` (
  `id` int(11) NOT NULL AUTO_INCREMENT,
  `timestamp` bigint(20) NOT NULL,
  `name` varchar(255) NOT NULL,
  PRIMARY KEY (`id`)
) ENGINE=InnoDB AUTO_INCREMENT=4 DEFAULT CHARSET=utf8mb4 COLLATE=utf8mb4_spanish2_ci;
/*!40101 SET character_set_client = @saved_cs_client */;

--
-- Dumping data for table `migrations`
--

LOCK TABLES `migrations` WRITE;
/*!40000 ALTER TABLE `migrations` DISABLE KEYS */;
INSERT INTO `migrations` VALUES (1,1718041000000,'CreateNewSchemaTables'),(2,1718042000000,'MigrateDataFromOldTables'),(3,1718043000000,'RemoveOldTablesAndRelations');
/*!40000 ALTER TABLE `migrations` ENABLE KEYS */;
UNLOCK TABLES;

--
-- Table structure for table `payment_histories`
--

DROP TABLE IF EXISTS `payment_histories`;
/*!40101 SET @saved_cs_client     = @@character_set_client */;
/*!50503 SET character_set_client = utf8mb4 */;
CREATE TABLE `payment_histories` (
  `id` int(11) NOT NULL AUTO_INCREMENT,
  `amount` decimal(10,2) NOT NULL,
  `discount` decimal(10,2) NOT NULL DEFAULT 0.00,
  `paymentDate` datetime DEFAULT NULL,
  `dueDate` datetime DEFAULT NULL,
  `reference` varchar(255) DEFAULT NULL,
  `paymentId` int(11) NOT NULL,
  `clientId` int(11) NOT NULL,
  `userId` int(11) DEFAULT NULL,
  `type` enum('PAYMENT','VOID','ADJUSTMENT') DEFAULT NULL,
  `description` varchar(255) DEFAULT NULL,
  `code` varchar(255) DEFAULT NULL,
  `engagementDate` date DEFAULT NULL,
  `created_at` timestamp(6) NOT NULL DEFAULT current_timestamp(6),
  `updated_at` timestamp(6) NOT NULL DEFAULT current_timestamp(6) ON UPDATE current_timestamp(6),
  PRIMARY KEY (`id`)
) ENGINE=InnoDB AUTO_INCREMENT=185 DEFAULT CHARSET=utf8mb4 COLLATE=utf8mb4_spanish2_ci;
/*!40101 SET character_set_client = @saved_cs_client */;

--
-- Dumping data for table `payment_histories`
--

LOCK TABLES `payment_histories` WRITE;
/*!40000 ALTER TABLE `payment_histories` DISABLE KEYS */;
INSERT INTO `payment_histories` VALUES (3,50.00,0.00,'2025-05-23 12:00:00','2025-06-05 05:00:00','',9,2,NULL,NULL,NULL,NULL,NULL,'2025-07-08 18:13:17.595166','2025-07-08 18:13:17.601252'),(4,50.00,0.00,'2025-05-23 12:00:00','2025-07-05 05:00:00','',9,2,NULL,NULL,NULL,NULL,NULL,'2025-07-08 18:13:17.595166','2025-07-08 18:13:17.601252'),(5,50.00,10.00,'2025-05-23 12:00:00','2025-07-05 05:00:00','',9,2,NULL,NULL,NULL,NULL,NULL,'2025-07-08 18:13:17.595166','2025-07-08 18:13:17.601252'),(6,50.00,0.00,'2025-05-23 12:00:00','2025-07-05 05:00:00','',9,2,NULL,NULL,NULL,NULL,NULL,'2025-07-08 18:13:17.595166','2025-07-08 18:13:17.601252'),(7,50.00,0.00,'2025-05-23 12:00:00','2025-08-05 05:00:00','',9,2,NULL,NULL,NULL,NULL,NULL,'2025-07-08 18:13:17.595166','2025-07-08 18:13:17.601252'),(8,50.00,0.00,'2025-05-23 12:00:00','2025-08-05 05:00:00','',9,2,NULL,NULL,NULL,NULL,NULL,'2025-07-08 18:13:17.595166','2025-07-08 18:13:17.601252'),(9,50.00,0.00,'2025-05-23 12:00:00','2025-09-05 05:00:00','',9,2,NULL,NULL,NULL,NULL,NULL,'2025-07-08 18:13:17.595166','2025-07-08 18:13:17.601252'),(10,50.00,0.00,'2025-05-23 12:00:00','2025-10-05 05:00:00','',9,2,NULL,NULL,NULL,NULL,NULL,'2025-07-08 18:13:17.595166','2025-07-08 18:13:17.601252'),(11,40.00,0.00,'2025-05-23 12:00:00','2025-11-05 05:00:00','',9,2,NULL,NULL,NULL,NULL,NULL,'2025-07-08 18:13:17.595166','2025-07-08 18:13:17.601252'),(12,30.00,0.00,'2025-05-23 12:00:00','2025-12-05 05:00:00','',9,2,NULL,NULL,NULL,NULL,NULL,'2025-07-08 18:13:17.595166','2025-07-08 18:13:17.601252'),(13,50.00,0.00,'2025-05-23 12:00:00','2025-12-05 05:00:00','',9,2,NULL,NULL,NULL,NULL,NULL,'2025-07-08 18:13:17.595166','2025-07-08 18:13:17.601252'),(14,50.00,0.00,'2025-05-23 12:00:00','2025-12-05 05:00:00','',9,2,NULL,NULL,NULL,NULL,NULL,'2025-07-08 18:13:17.595166','2025-07-08 18:13:17.601252'),(15,50.00,0.00,'2025-05-23 12:00:00','2025-12-05 05:00:00','',9,2,NULL,NULL,NULL,NULL,NULL,'2025-07-08 18:13:17.595166','2025-07-08 18:13:17.601252'),(16,50.00,0.00,'2025-05-23 12:00:00','2025-12-05 05:00:00','',9,2,NULL,NULL,NULL,NULL,NULL,'2025-07-08 18:13:17.595166','2025-07-08 18:13:17.601252'),(17,60.00,0.00,'2025-05-23 12:00:00','2025-12-05 05:00:00','',9,2,NULL,NULL,NULL,NULL,NULL,'2025-07-08 18:13:17.595166','2025-07-08 18:13:17.601252'),(18,60.00,0.00,'2025-05-23 12:00:00','2026-01-05 05:00:00','',9,2,NULL,NULL,NULL,NULL,NULL,'2025-07-08 18:13:17.595166','2025-07-08 18:13:17.601252'),(19,50.00,0.00,'2025-05-23 12:00:00','2026-01-05 05:00:00','',9,2,NULL,NULL,NULL,NULL,NULL,'2025-07-08 18:13:17.595166','2025-07-08 18:13:17.601252'),(20,50.00,0.00,'2025-05-23 12:00:00','2026-01-05 05:00:00','',9,2,NULL,NULL,NULL,NULL,NULL,'2025-07-08 18:13:17.595166','2025-07-08 18:13:17.601252'),(21,50.00,0.00,'2025-05-23 12:00:00','2026-01-05 05:00:00','',9,2,NULL,NULL,NULL,NULL,NULL,'2025-07-08 18:13:17.595166','2025-07-08 18:13:17.601252'),(22,50.00,0.00,'2025-05-23 12:00:00','2026-02-04 05:00:00','',9,2,NULL,NULL,NULL,NULL,NULL,'2025-07-08 18:13:17.595166','2025-07-08 18:13:17.601252'),(23,50.00,0.00,'2025-05-23 12:00:00','2026-03-03 05:00:00','',9,2,NULL,NULL,NULL,NULL,NULL,'2025-07-08 18:13:17.595166','2025-07-08 18:13:17.601252'),(24,50.00,0.00,'2025-05-23 12:00:00','2026-03-03 05:00:00','',9,2,NULL,NULL,NULL,NULL,NULL,'2025-07-08 18:13:17.595166','2025-07-08 18:13:17.601252'),(25,50.00,0.00,NULL,'2026-04-02 05:00:00','',9,2,NULL,NULL,NULL,NULL,NULL,'2025-07-08 18:13:17.595166','2025-07-08 18:13:17.601252'),(26,50.00,0.00,'2025-05-23 12:00:00','2026-04-02 05:00:00','',9,2,NULL,NULL,NULL,NULL,NULL,'2025-07-08 18:13:17.595166','2025-07-08 18:13:17.601252'),(27,50.00,0.00,NULL,'2026-04-02 05:00:00','',9,2,NULL,NULL,NULL,NULL,NULL,'2025-07-08 18:13:17.595166','2025-07-08 18:13:17.601252'),(28,60.00,0.00,'2025-05-23 12:00:00','2026-04-02 05:00:00','',9,2,NULL,NULL,NULL,NULL,NULL,'2025-07-08 18:13:17.595166','2025-07-08 18:13:17.601252'),(29,50.00,0.00,NULL,'2026-04-02 05:00:00','',9,2,NULL,NULL,NULL,NULL,NULL,'2025-07-08 18:13:17.595166','2025-07-08 18:13:17.601252'),(30,40.00,0.00,NULL,'2025-06-07 05:00:00','01368592',7,13,NULL,NULL,NULL,NULL,NULL,'2025-07-08 18:13:17.595166','2025-07-08 18:13:17.601252'),(31,40.00,0.00,'2025-05-09 12:00:00','2025-06-07 05:00:00','01368592',7,13,NULL,NULL,NULL,NULL,NULL,'2025-07-08 18:13:17.595166','2025-07-08 18:13:17.601252'),(32,40.00,0.00,NULL,'2025-06-07 05:00:00','01368592',7,13,NULL,NULL,NULL,NULL,NULL,'2025-07-08 18:13:17.595166','2025-07-08 18:13:17.601252'),(33,40.00,0.00,'2025-05-09 12:00:00','2025-06-07 05:00:00','01368592',7,13,NULL,NULL,NULL,NULL,NULL,'2025-07-08 18:13:17.595166','2025-07-08 18:13:17.601252'),(34,50.00,0.00,'2025-05-23 12:00:00','2026-04-02 05:00:00','',9,2,NULL,NULL,NULL,NULL,NULL,'2025-07-08 18:13:17.595166','2025-07-08 18:13:17.601252'),(35,50.00,0.00,'2025-05-23 12:00:00','2026-04-02 05:00:00','',9,2,NULL,NULL,NULL,NULL,NULL,'2025-07-08 18:13:17.595166','2025-07-08 18:13:17.601252'),(36,50.00,0.00,'2025-05-23 12:00:00','2026-04-02 05:00:00','',9,2,NULL,NULL,NULL,NULL,NULL,'2025-07-08 18:13:17.595166','2025-07-08 18:13:17.601252'),(37,40.00,0.00,'2025-05-09 12:00:00','2025-06-07 05:00:00','01368592',7,13,NULL,NULL,NULL,NULL,NULL,'2025-07-08 18:13:17.595166','2025-07-08 18:13:17.601252'),(38,40.00,0.00,'2025-05-09 12:00:00','2025-06-07 05:00:00','01368592',7,13,NULL,NULL,NULL,NULL,NULL,'2025-07-08 18:13:17.595166','2025-07-08 18:13:17.601252'),(39,50.00,0.00,'2025-05-23 12:00:00','2026-04-02 05:00:00','',9,2,NULL,NULL,NULL,NULL,NULL,'2025-07-08 18:13:17.595166','2025-07-08 18:13:17.601252'),(40,60.00,0.00,'2025-05-23 12:00:00','2026-04-02 05:00:00','',9,2,NULL,NULL,NULL,NULL,NULL,'2025-07-08 18:13:17.595166','2025-07-08 18:13:17.601252'),(41,50.00,0.00,'2025-05-23 12:00:00','2026-04-02 05:00:00','',9,2,NULL,NULL,NULL,NULL,NULL,'2025-07-08 18:13:17.595166','2025-07-08 18:13:17.601252'),(42,50.00,0.00,'2025-05-23 12:00:00','2026-04-02 05:00:00','',9,2,NULL,NULL,NULL,NULL,NULL,'2025-07-08 18:13:17.595166','2025-07-08 18:13:17.601252'),(43,50.00,0.00,'2025-05-23 12:00:00','2026-04-02 05:00:00','',9,2,NULL,NULL,NULL,NULL,NULL,'2025-07-08 18:13:17.595166','2025-07-08 18:13:17.601252'),(44,50.00,0.00,'2025-05-23 12:00:00','2026-04-02 05:00:00','',9,2,NULL,NULL,NULL,NULL,NULL,'2025-07-08 18:13:17.595166','2025-07-08 18:13:17.601252'),(45,50.00,0.00,'2025-05-23 12:00:00','2026-04-02 05:00:00','',9,2,NULL,NULL,NULL,NULL,NULL,'2025-07-08 18:13:17.595166','2025-07-08 18:13:17.601252'),(46,50.00,0.00,'2025-05-24 12:00:00','2025-05-25 05:00:00','',10,14,NULL,NULL,NULL,NULL,NULL,'2025-07-08 18:13:17.595166','2025-07-08 18:13:17.601252'),(51,50.00,0.00,'2025-05-29 12:00:00','2025-05-22 05:00:00','Codigo124589',13,16,NULL,NULL,NULL,NULL,NULL,'2025-07-08 18:13:17.595166','2025-07-08 18:13:17.601252'),(52,50.00,0.00,'2025-05-29 12:00:00','2025-06-22 05:00:00','Codigo124589',13,16,NULL,NULL,NULL,NULL,NULL,'2025-07-08 18:13:17.595166','2025-07-08 18:13:17.601252'),(53,60.00,0.00,'2025-05-29 12:00:00','2025-06-22 05:00:00','Codigo124589',13,16,NULL,NULL,NULL,NULL,NULL,'2025-07-08 18:13:17.595166','2025-07-08 18:13:17.601252'),(54,50.00,0.00,'2025-05-29 12:00:00','2025-06-22 05:00:00','Codigo124589',13,16,NULL,NULL,NULL,NULL,NULL,'2025-07-08 18:13:17.595166','2025-07-08 18:13:17.601252'),(55,50.00,0.00,'2025-05-29 12:00:00','2025-05-14 05:00:00','',14,9,NULL,NULL,NULL,NULL,NULL,'2025-07-08 18:13:17.595166','2025-07-08 18:13:17.601252'),(79,50.00,0.00,'2025-05-16 12:00:00','2025-06-22 05:00:00','Codigo124589',13,16,NULL,NULL,NULL,NULL,NULL,'2025-07-08 18:13:17.595166','2025-07-08 18:13:17.601252'),(80,50.00,0.00,'2025-05-01 12:00:00','2025-06-22 05:00:00','Codigo124589',13,16,NULL,NULL,NULL,NULL,NULL,'2025-07-08 18:13:17.595166','2025-07-08 18:13:17.601252'),(82,50.00,0.00,'2025-05-09 12:00:00','2025-06-24 05:00:00','01368592',27,16,NULL,NULL,NULL,NULL,NULL,'2025-07-08 18:13:17.595166','2025-07-08 18:13:17.601252'),(84,50.00,0.00,'2025-05-29 12:00:00','2025-06-24 05:00:00','Codigo124589',28,16,NULL,NULL,NULL,NULL,NULL,'2025-07-08 18:13:17.595166','2025-07-08 18:13:17.601252'),(85,50.00,0.00,'2025-05-09 12:00:00','2025-06-24 05:00:00','ANULADO - 01368592',27,16,NULL,NULL,NULL,NULL,NULL,'2025-07-08 18:13:17.595166','2025-07-08 18:13:17.601252'),(86,50.00,0.00,'2025-05-01 12:00:00','2025-06-22 05:00:00','ANULADO - Codigo124589',13,16,NULL,NULL,NULL,NULL,NULL,'2025-07-08 18:13:17.595166','2025-07-08 18:13:17.601252'),(87,50.00,0.00,'2025-05-30 12:00:00','2025-06-24 05:00:00','Codigo124589',29,16,NULL,NULL,NULL,NULL,NULL,'2025-07-08 18:13:17.595166','2025-07-08 18:13:17.601252'),(88,50.00,0.00,'2025-05-31 12:00:00','2025-07-24 05:00:00','Codigo124589',30,16,NULL,NULL,NULL,NULL,NULL,'2025-07-08 18:13:17.595166','2025-07-08 18:13:17.601252'),(89,50.00,0.00,'2025-05-30 12:00:00','2025-05-27 05:00:00','01368592',31,5,NULL,NULL,NULL,NULL,NULL,'2025-07-08 18:13:17.595166','2025-07-08 18:13:17.601252'),(90,50.00,0.00,'2025-05-31 12:00:00','2025-06-27 05:00:00','01368592',32,5,NULL,NULL,NULL,NULL,NULL,'2025-07-08 18:13:17.595166','2025-07-08 18:13:17.601252'),(91,50.00,0.00,'2025-06-06 12:00:00','2025-07-27 05:00:00','asd',33,5,NULL,NULL,NULL,NULL,NULL,'2025-07-08 18:13:17.595166','2025-07-08 18:13:17.601252'),(92,50.00,0.00,'2025-05-31 12:00:00','2025-06-27 05:00:00','ANULADO - 01368592',32,5,NULL,NULL,NULL,NULL,NULL,'2025-07-08 18:13:17.595166','2025-07-08 18:13:17.601252'),(93,50.00,0.00,'2025-05-30 12:00:00','2025-05-27 05:00:00','ANULADO - 01368592',31,5,NULL,NULL,NULL,NULL,NULL,'2025-07-08 18:13:17.595166','2025-07-08 18:13:17.601252'),(94,50.00,0.00,'2025-06-06 12:00:00','2025-07-27 05:00:00','ANULADO - asd',33,5,NULL,NULL,NULL,NULL,NULL,'2025-07-08 18:13:17.595166','2025-07-08 18:13:17.601252'),(95,50.00,0.00,'2025-05-30 12:00:00','2025-07-27 05:00:00','Codigo124589',34,5,NULL,NULL,NULL,NULL,NULL,'2025-07-08 18:13:17.595166','2025-07-08 18:13:17.601252'),(96,50.00,0.00,'2025-05-30 12:00:00','2025-07-27 05:00:00','ANULADO - Codigo124589',34,5,NULL,NULL,NULL,NULL,NULL,'2025-07-08 18:13:17.595166','2025-07-08 18:13:17.601252'),(97,50.00,0.00,'2025-05-23 12:00:00','2025-05-16 05:00:00','Codigo124589',35,5,NULL,NULL,NULL,NULL,NULL,'2025-07-08 18:13:17.595166','2025-07-08 18:13:17.601252'),(98,50.00,0.00,'2025-05-23 12:00:00','2025-06-16 05:00:00','Codigo124589',36,5,NULL,NULL,NULL,NULL,NULL,'2025-07-08 18:13:17.595166','2025-07-08 18:13:17.601252'),(99,50.00,0.00,'2025-05-23 12:00:00','2025-05-16 05:00:00','ANULADO - Codigo124589',35,5,NULL,NULL,NULL,NULL,NULL,'2025-07-08 18:13:17.595166','2025-07-08 18:13:17.601252'),(100,50.00,0.00,'2025-05-23 12:00:00','2025-06-16 05:00:00','ANULADO - Codigo124589',36,5,NULL,NULL,NULL,NULL,NULL,'2025-07-08 18:13:17.595166','2025-07-08 18:13:17.601252'),(101,50.00,0.00,'2025-05-16 12:00:00','2025-05-15 05:00:00','Codigo124589',37,49,NULL,NULL,NULL,NULL,NULL,'2025-07-08 18:13:17.595166','2025-07-08 18:13:17.601252'),(102,50.00,0.00,'2025-05-24 12:00:00','2025-06-15 05:00:00','Codigo124589',38,49,NULL,NULL,NULL,NULL,NULL,'2025-07-08 18:13:17.595166','2025-07-08 18:13:17.601252'),(103,50.00,0.00,'2025-05-30 12:00:00','2025-07-15 05:00:00','Codigo124589',39,49,NULL,NULL,NULL,NULL,NULL,'2025-07-08 18:13:17.595166','2025-07-08 18:13:17.601252'),(104,50.00,0.00,'2025-05-24 12:00:00','2025-06-15 05:00:00','ANULADO - Codigo124589',38,49,NULL,NULL,NULL,NULL,NULL,'2025-07-08 18:13:17.595166','2025-07-08 18:13:17.601252'),(105,50.00,0.00,'2025-05-16 12:00:00','2025-05-15 05:00:00','ANULADO - Codigo124589',37,49,NULL,NULL,NULL,NULL,NULL,'2025-07-08 18:13:17.595166','2025-07-08 18:13:17.601252'),(106,50.00,0.00,'2025-05-30 12:00:00','2025-07-15 05:00:00','ANULADO - Codigo124589',39,49,NULL,NULL,NULL,NULL,NULL,'2025-07-08 18:13:17.595166','2025-07-08 18:13:17.601252'),(107,50.00,0.00,'2025-05-31 12:00:00','2025-05-30 05:00:00','Codigo124589',40,50,NULL,NULL,NULL,NULL,NULL,'2025-07-08 18:13:17.595166','2025-07-08 18:13:17.601252'),(108,50.00,0.00,'2025-05-31 12:00:00','2025-06-30 05:00:00','Codigo124589',41,50,NULL,NULL,NULL,NULL,NULL,'2025-07-08 18:13:17.595166','2025-07-08 18:13:17.601252'),(109,50.00,0.00,'2025-05-31 12:00:00','2025-06-30 05:00:00','ANULADO - Codigo124589',41,50,NULL,NULL,NULL,NULL,NULL,'2025-07-08 18:13:17.595166','2025-07-08 18:13:17.601252'),(110,50.00,0.00,'2025-05-02 12:00:00','2025-05-30 05:00:00','01368592',42,50,NULL,NULL,NULL,NULL,NULL,'2025-07-08 18:13:17.595166','2025-07-08 18:13:17.601252'),(111,50.00,0.00,'2025-05-31 12:00:00','2025-05-30 05:00:00','ANULADO - Codigo124589',40,50,NULL,NULL,NULL,NULL,NULL,'2025-07-08 18:13:17.595166','2025-07-08 18:13:17.601252'),(112,50.00,0.00,'2025-05-08 12:00:00','2025-05-30 05:00:00','Codigo124589',43,50,NULL,NULL,NULL,NULL,NULL,'2025-07-08 18:13:17.595166','2025-07-08 18:13:17.601252'),(113,50.00,0.00,'2025-05-02 12:00:00','2025-05-30 05:00:00','ANULADO - 01368592',42,50,NULL,NULL,NULL,NULL,NULL,'2025-07-08 18:13:17.595166','2025-07-08 18:13:17.601252'),(114,50.00,0.00,'2025-05-08 12:00:00','2025-05-30 05:00:00','ANULADO - Codigo124589',43,50,NULL,NULL,NULL,NULL,NULL,'2025-07-08 18:13:17.595166','2025-07-08 18:13:17.601252'),(115,50.00,0.00,'2025-05-15 12:00:00','2025-06-29 05:00:00','Codigo124589',44,50,NULL,NULL,NULL,NULL,NULL,'2025-07-08 18:13:17.595166','2025-07-08 18:13:17.601252'),(116,50.00,0.00,'2025-05-15 12:00:00','2025-06-29 05:00:00','ANULADO - Codigo124589',44,50,NULL,NULL,NULL,NULL,NULL,'2025-07-08 18:13:17.595166','2025-07-08 18:13:17.601252'),(117,50.00,0.00,'2025-05-30 12:00:00','2025-06-29 05:00:00','ad',45,50,NULL,NULL,NULL,NULL,NULL,'2025-07-08 18:13:17.595166','2025-07-08 18:13:17.601252'),(118,50.00,0.00,'2025-05-30 12:00:00','2025-07-28 05:00:00','dsa',46,50,NULL,NULL,NULL,NULL,NULL,'2025-07-08 18:13:17.595166','2025-07-08 18:13:17.601252'),(119,50.00,0.00,'2025-05-30 12:00:00','2025-07-28 05:00:00','ANULADO - dsa',46,50,NULL,NULL,NULL,NULL,NULL,'2025-07-08 18:13:17.595166','2025-07-08 18:13:17.601252'),(120,50.00,0.00,'2025-05-30 12:00:00','2025-06-29 05:00:00','ANULADO - ad',45,50,NULL,NULL,NULL,NULL,NULL,'2025-07-08 18:13:17.595166','2025-07-08 18:13:17.601252'),(121,50.00,0.00,'2025-05-16 12:00:00','2025-06-29 05:00:00','Codigo124589',47,50,NULL,NULL,NULL,NULL,NULL,'2025-07-08 18:13:17.595166','2025-07-08 18:13:17.601252'),(122,50.00,0.00,'2025-05-31 12:00:00','2025-05-30 05:00:00','Codigo124589',48,51,NULL,NULL,NULL,NULL,NULL,'2025-07-08 18:13:17.595166','2025-07-08 18:13:17.601252'),(123,50.00,0.00,'2025-05-09 12:00:00','2025-07-29 05:00:00','Codigo124589',49,51,NULL,NULL,NULL,NULL,NULL,'2025-07-08 18:13:17.595166','2025-07-08 18:13:17.601252'),(124,50.00,0.00,'2025-05-09 12:00:00','2025-07-29 05:00:00','01368592',50,51,NULL,NULL,NULL,NULL,NULL,'2025-07-08 18:13:17.595166','2025-07-08 18:13:17.601252'),(125,50.00,0.00,'2025-05-08 12:00:00','2025-07-29 05:00:00','Codigo124589',51,51,NULL,NULL,NULL,NULL,NULL,'2025-07-08 18:13:17.595166','2025-07-08 18:13:17.601252'),(126,50.00,0.00,'2025-05-18 12:00:00','2025-07-29 05:00:00','Codigo124589',52,51,NULL,NULL,NULL,NULL,NULL,'2025-07-08 18:13:17.595166','2025-07-08 18:13:17.601252'),(127,50.00,0.00,'2025-05-30 12:00:00','2025-05-29 05:00:00','Codigo124589',53,52,NULL,NULL,NULL,NULL,NULL,'2025-07-08 18:13:17.595166','2025-07-08 18:13:17.601252'),(128,50.00,0.00,'2025-05-30 12:00:00','2025-05-29 05:00:00','ANULADO - Codigo124589',53,52,NULL,NULL,NULL,NULL,NULL,'2025-07-08 18:13:17.595166','2025-07-08 18:13:17.601252'),(129,50.00,0.00,'2025-05-30 12:00:00','2025-06-29 05:00:00','01368592',54,52,NULL,NULL,NULL,NULL,NULL,'2025-07-08 18:13:17.595166','2025-07-08 18:13:17.601252'),(130,50.00,0.00,'2025-05-02 12:00:00','2025-07-29 05:00:00','Codigo124589',55,52,NULL,NULL,NULL,NULL,NULL,'2025-07-08 18:13:17.595166','2025-07-08 18:13:17.601252'),(131,50.00,0.00,'2025-05-31 12:00:00','2025-07-29 05:00:00','Codigo124589',56,52,NULL,NULL,NULL,NULL,NULL,'2025-07-08 18:13:17.595166','2025-07-08 18:13:17.601252'),(132,50.00,0.00,'2025-05-31 12:00:00','2025-07-29 05:00:00','Codigo124589',57,52,NULL,NULL,NULL,NULL,NULL,'2025-07-08 18:13:17.595166','2025-07-08 18:13:17.601252'),(133,50.00,0.00,'2025-05-09 12:00:00','2025-07-29 05:00:00','01368592',58,52,NULL,NULL,NULL,NULL,NULL,'2025-07-08 18:13:17.595166','2025-07-08 18:13:17.601252'),(134,50.00,0.00,'2025-05-09 12:00:00','2025-07-29 05:00:00','Codigo124589',59,52,NULL,NULL,NULL,NULL,NULL,'2025-07-08 18:13:17.595166','2025-07-08 18:13:17.601252'),(135,50.00,0.00,'2025-05-09 12:00:00','2025-08-28 05:00:00','Codigo124589',60,52,NULL,NULL,NULL,NULL,NULL,'2025-07-08 18:13:17.595166','2025-07-08 18:13:17.601252'),(136,50.00,0.00,'2025-05-04 12:00:00','2025-09-27 05:00:00','Codigo124589',61,52,NULL,NULL,NULL,NULL,NULL,'2025-07-08 18:13:17.595166','2025-07-08 18:13:17.601252'),(137,50.00,0.00,'2025-05-09 12:00:00','2025-10-26 05:00:00','Codigo124589',62,52,NULL,NULL,NULL,NULL,NULL,'2025-07-08 18:13:17.595166','2025-07-08 18:13:17.601252'),(138,50.00,0.00,'2025-05-16 12:00:00','2025-05-29 05:00:00','Codigo124589',63,53,NULL,NULL,NULL,NULL,NULL,'2025-07-08 18:13:17.595166','2025-07-08 18:13:17.601252'),(139,50.00,0.00,'2025-05-31 12:00:00','2025-06-28 05:00:00','Codigo124589',64,53,NULL,NULL,NULL,NULL,NULL,'2025-07-08 18:13:17.595166','2025-07-08 18:13:17.601252'),(140,50.00,0.00,'2025-05-17 12:00:00','2025-07-27 05:00:00','Codigo124589',65,53,NULL,NULL,NULL,NULL,NULL,'2025-07-08 18:13:17.595166','2025-07-08 18:13:17.601252'),(141,50.00,0.00,'2025-05-31 12:00:00','2025-08-26 05:00:00','Codigo124589',66,53,NULL,NULL,NULL,NULL,NULL,'2025-07-08 18:13:17.595166','2025-07-08 18:13:17.601252'),(142,50.00,0.00,'2025-05-15 12:00:00','2025-09-25 05:00:00','Codigo124589',67,53,NULL,NULL,NULL,NULL,NULL,'2025-07-08 18:13:17.595166','2025-07-08 18:13:17.601252'),(143,50.00,0.00,'2025-05-30 12:00:00','2025-10-24 05:00:00','Codigo124589',68,53,NULL,NULL,NULL,NULL,NULL,'2025-07-08 18:13:17.595166','2025-07-08 18:13:17.601252'),(144,50.00,0.00,'2025-05-24 12:00:00','2025-11-23 05:00:00','Codigo124589',69,53,NULL,NULL,NULL,NULL,NULL,'2025-07-08 18:13:17.595166','2025-07-08 18:13:17.601252'),(145,50.00,0.00,'2025-05-15 12:00:00','2025-09-25 05:00:00','ANULADO - Codigo124589',67,53,NULL,NULL,NULL,NULL,NULL,'2025-07-08 18:13:17.595166','2025-07-08 18:13:17.601252'),(146,50.00,0.00,'2025-05-24 12:00:00','2025-11-23 05:00:00','ANULADO - Codigo124589',69,53,NULL,NULL,NULL,NULL,NULL,'2025-07-08 18:13:17.595166','2025-07-08 18:13:17.601252'),(147,50.00,0.00,'2025-05-30 12:00:00','2025-10-24 05:00:00','ANULADO - Codigo124589',68,53,NULL,NULL,NULL,NULL,NULL,'2025-07-08 18:13:17.595166','2025-07-08 18:13:17.601252'),(148,50.00,0.00,'2025-05-31 12:00:00','2025-08-26 05:00:00','ANULADO - Codigo124589',66,53,NULL,NULL,NULL,NULL,NULL,'2025-07-08 18:13:17.595166','2025-07-08 18:13:17.601252'),(149,50.00,0.00,'2025-05-17 12:00:00','2025-07-27 05:00:00','ANULADO - Codigo124589',65,53,NULL,NULL,NULL,NULL,NULL,'2025-07-08 18:13:17.595166','2025-07-08 18:13:17.601252'),(150,50.00,0.00,'2025-05-31 12:00:00','2025-06-28 05:00:00','ANULADO - Codigo124589',64,53,NULL,NULL,NULL,NULL,NULL,'2025-07-08 18:13:17.595166','2025-07-08 18:13:17.601252'),(151,50.00,0.00,'2025-05-16 12:00:00','2025-05-29 05:00:00','ANULADO - Codigo124589',63,53,NULL,NULL,NULL,NULL,NULL,'2025-07-08 18:13:17.595166','2025-07-08 18:13:17.601252'),(152,50.00,0.00,'2025-05-09 12:00:00','2025-10-26 05:00:00','ANULADO - Codigo124589',62,52,NULL,NULL,NULL,NULL,NULL,'2025-07-08 18:13:17.595166','2025-07-08 18:13:17.601252'),(153,50.00,0.00,'2025-05-04 12:00:00','2025-09-27 05:00:00','ANULADO - Codigo124589',61,52,NULL,NULL,NULL,NULL,NULL,'2025-07-08 18:13:17.595166','2025-07-08 18:13:17.601252'),(154,50.00,0.00,'2025-05-09 12:00:00','2025-08-28 05:00:00','ANULADO - Codigo124589',60,52,NULL,NULL,NULL,NULL,NULL,'2025-07-08 18:13:17.595166','2025-07-08 18:13:17.601252'),(155,50.00,0.00,'2025-05-09 12:00:00','2025-07-29 05:00:00','ANULADO - Codigo124589',59,52,NULL,NULL,NULL,NULL,NULL,'2025-07-08 18:13:17.595166','2025-07-08 18:13:17.601252'),(156,50.00,0.00,'2025-05-09 12:00:00','2025-07-29 05:00:00','ANULADO - 01368592',58,52,NULL,NULL,NULL,NULL,NULL,'2025-07-08 18:13:17.595166','2025-07-08 18:13:17.601252'),(157,50.00,0.00,'2025-05-31 12:00:00','2025-07-29 05:00:00','ANULADO - Codigo124589',57,52,NULL,NULL,NULL,NULL,NULL,'2025-07-08 18:13:17.595166','2025-07-08 18:13:17.601252'),(158,50.00,0.00,'2025-05-31 12:00:00','2025-07-29 05:00:00','ANULADO - Codigo124589',56,52,NULL,NULL,NULL,NULL,NULL,'2025-07-08 18:13:17.595166','2025-07-08 18:13:17.601252'),(159,50.00,0.00,'2025-05-02 12:00:00','2025-07-29 05:00:00','ANULADO - Codigo124589',55,52,NULL,NULL,NULL,NULL,NULL,'2025-07-08 18:13:17.595166','2025-07-08 18:13:17.601252'),(160,50.00,0.00,'2025-05-30 12:00:00','2025-06-29 05:00:00','ANULADO - 01368592',54,52,NULL,NULL,NULL,NULL,NULL,'2025-07-08 18:13:17.595166','2025-07-08 18:13:17.601252'),(161,50.00,0.00,'2025-05-30 12:00:00','2025-06-29 05:00:00','Codigo124589',70,52,NULL,NULL,NULL,NULL,NULL,'2025-07-08 18:13:17.595166','2025-07-08 18:13:17.601252'),(162,50.00,0.00,'2025-05-09 12:00:00','2025-05-30 05:00:00','Codigo124589',71,55,NULL,NULL,NULL,NULL,NULL,'2025-07-08 18:13:17.595166','2025-07-08 18:13:17.601252'),(163,50.00,0.00,'2025-05-23 12:00:00','2025-06-29 05:00:00','Codigo124589',72,55,NULL,NULL,NULL,NULL,NULL,'2025-07-08 18:13:17.595166','2025-07-08 18:13:17.601252'),(164,50.00,0.00,'2025-05-30 05:00:00','2025-07-28 05:00:00','Codigo124589',73,55,NULL,NULL,NULL,NULL,NULL,'2025-07-08 18:13:17.595166','2025-07-08 18:13:17.601252'),(165,50.00,0.00,'2025-05-03 05:00:00','2025-08-28 05:00:00','01368592',74,55,NULL,NULL,NULL,NULL,NULL,'2025-07-08 18:13:17.595166','2025-07-08 18:13:17.601252'),(166,50.00,0.00,'2025-05-03 05:00:00','2025-08-28 05:00:00','ANULADO - 01368592',74,55,NULL,NULL,NULL,NULL,NULL,'2025-07-08 18:13:17.595166','2025-07-08 18:13:17.601252'),(167,50.00,0.00,'2025-05-30 05:00:00','2025-07-28 05:00:00','ANULADO - Codigo124589',73,55,NULL,NULL,NULL,NULL,NULL,'2025-07-08 18:13:17.595166','2025-07-08 18:13:17.601252'),(168,50.00,0.00,'2025-05-23 12:00:00','2025-06-29 05:00:00','ANULADO - Codigo124589',72,55,NULL,NULL,NULL,NULL,NULL,'2025-07-08 18:13:17.595166','2025-07-08 18:13:17.601252'),(169,50.00,0.00,'2025-05-09 12:00:00','2025-05-30 05:00:00','ANULADO - Codigo124589',71,55,NULL,NULL,NULL,NULL,NULL,'2025-07-08 18:13:17.595166','2025-07-08 18:13:17.601252'),(170,50.00,0.00,'2025-05-09 05:00:00','2025-06-30 05:00:00','Codigo124589',75,55,NULL,NULL,NULL,NULL,NULL,'2025-07-08 18:13:17.595166','2025-07-08 18:13:17.601252'),(171,50.00,0.00,'2025-05-30 05:00:00','2025-07-28 05:00:00','Codigo1245898',76,52,NULL,NULL,NULL,NULL,NULL,'2025-07-08 18:13:17.595166','2025-07-08 18:13:17.601252'),(172,50.00,0.00,'2025-05-30 05:00:00','2025-07-28 05:00:00','ANULADO - Codigo1245898',76,52,NULL,NULL,NULL,NULL,NULL,'2025-07-08 18:13:17.595166','2025-07-08 18:13:17.601252'),(173,40.00,0.00,'2025-06-02 05:00:00','2025-05-31 05:00:00','Codigo124589',77,138,NULL,NULL,NULL,NULL,NULL,'2025-07-08 18:13:17.595166','2025-07-08 18:13:17.601252'),(174,40.00,0.00,'2025-06-01 05:00:00','2025-07-01 05:00:00','Codigo124589',78,138,NULL,NULL,NULL,NULL,NULL,'2025-07-08 18:13:17.595166','2025-07-08 18:13:17.601252'),(175,50.00,0.00,'2025-06-02 05:00:00','2025-06-03 05:00:00','Codigo124589',79,137,NULL,NULL,NULL,NULL,NULL,'2025-07-08 18:13:17.595166','2025-07-08 18:13:17.601252'),(176,50.00,10.00,'2025-06-02 05:00:00','2025-07-03 05:00:00','Codigo124589',80,137,NULL,NULL,NULL,NULL,NULL,'2025-07-08 18:13:17.595166','2025-07-08 18:13:17.601252'),(177,50.00,0.00,'2025-06-01 05:00:00','2025-08-03 05:00:00','Codigo124589',81,137,NULL,NULL,NULL,NULL,NULL,'2025-07-08 18:13:17.595166','2025-07-08 18:13:17.601252'),(178,50.00,0.00,'2025-06-02 05:00:00','2025-08-01 05:00:00','asd',82,138,NULL,NULL,NULL,NULL,NULL,'2025-07-08 18:13:17.595166','2025-07-08 18:13:17.601252'),(179,48.80,1.20,'2025-06-01 05:00:00','2025-09-01 05:00:00','Codigo124589',83,138,NULL,NULL,NULL,NULL,NULL,'2025-07-08 18:13:17.595166','2025-07-08 18:13:17.601252'),(180,50.00,0.00,'2025-06-02 05:00:00','2026-06-03 05:00:00','asdasd',84,2,NULL,NULL,NULL,NULL,NULL,'2025-07-08 18:13:17.595166','2025-07-08 18:13:17.601252'),(181,50.00,0.00,'2025-06-02 05:00:00','2025-07-03 05:00:00','f34fddf',85,3,NULL,NULL,NULL,NULL,NULL,'2025-07-08 18:13:17.595166','2025-07-08 18:13:17.601252'),(182,50.00,0.00,'2025-06-02 05:00:00','2025-06-02 05:00:00','f34fddf',86,1,NULL,NULL,NULL,NULL,NULL,'2025-07-08 18:13:17.595166','2025-07-08 18:13:17.601252'),(183,59.00,1.00,'2025-06-06 05:00:00','2025-06-03 05:00:00','Codigo124589',87,4,NULL,NULL,NULL,NULL,NULL,'2025-07-08 18:13:17.595166','2025-07-08 18:13:17.601252'),(184,50.00,0.00,'2025-06-06 05:00:00','2025-07-03 05:00:00','',88,4,NULL,NULL,NULL,NULL,NULL,'2025-07-08 18:13:17.595166','2025-07-08 18:13:17.601252');
/*!40000 ALTER TABLE `payment_histories` ENABLE KEYS */;
UNLOCK TABLES;

--
-- Table structure for table `payments`
--

DROP TABLE IF EXISTS `payments`;
/*!40101 SET @saved_cs_client     = @@character_set_client */;
/*!50503 SET character_set_client = utf8mb4 */;
CREATE TABLE `payments` (
  `id` int(11) NOT NULL AUTO_INCREMENT,
  `paymentDate` datetime DEFAULT NULL,
  `reference` varchar(255) DEFAULT NULL,
  `reconnection` tinyint(4) NOT NULL DEFAULT 0,
  `amount` decimal(10,2) NOT NULL,
  `status` enum('PENDING','PAYMENT_DAILY','LATE_PAYMENT','VOIDED') DEFAULT NULL,
  `paymentType` enum('TRANSFER','CASH','YAPE','PLIN','OTHER') DEFAULT NULL,
  `discount` decimal(10,2) NOT NULL DEFAULT 0.00,
  `dueDate` datetime DEFAULT NULL,
  `clientId` int(11) DEFAULT NULL,
  `reconnectionFee` decimal(10,2) NOT NULL DEFAULT 0.00,
  `baseAmount` decimal(10,2) NOT NULL,
  `code` varchar(255) DEFAULT NULL,
  `isVoided` tinyint(4) NOT NULL DEFAULT 0,
  `voidedAt` datetime DEFAULT NULL,
  `voidedReason` varchar(255) DEFAULT NULL,
  `engagementDate` date DEFAULT NULL,
  `transferName` varchar(255) DEFAULT NULL,
  `created_at` timestamp(6) NOT NULL DEFAULT current_timestamp(6),
  `updated_at` timestamp(6) NOT NULL DEFAULT current_timestamp(6) ON UPDATE current_timestamp(6),
  PRIMARY KEY (`id`)
) ENGINE=InnoDB AUTO_INCREMENT=89 DEFAULT CHARSET=utf8mb4 COLLATE=utf8mb4_spanish2_ci;
/*!40101 SET character_set_client = @saved_cs_client */;

--
-- Dumping data for table `payments`
--

LOCK TABLES `payments` WRITE;
/*!40000 ALTER TABLE `payments` DISABLE KEYS */;
INSERT INTO `payments` VALUES (2,'2025-05-09 05:00:00','04760728',0,50.00,'LATE_PAYMENT','TRANSFER',0.00,'2025-04-15 05:00:00',9,0.00,0.00,'PGFM-0001',0,NULL,NULL,NULL,NULL,'2025-07-08 18:13:17.545298','2025-07-08 18:13:17.551381'),(4,'2025-05-09 05:00:00','04240636',0,50.00,'PAYMENT_DAILY','TRANSFER',0.00,'2025-05-21 05:00:00',11,0.00,0.00,'PGAB-0001',0,NULL,NULL,NULL,NULL,'2025-07-08 18:13:17.545298','2025-07-08 18:13:17.551381'),(5,'2025-05-09 05:00:00','09640137',0,50.00,'PAYMENT_DAILY','YAPE',0.00,'2025-06-07 05:00:00',10,0.00,0.00,'PGKM-0001',0,NULL,NULL,NULL,NULL,'2025-07-08 18:13:17.545298','2025-07-08 18:13:17.551381'),(6,'2025-05-09 05:00:00','03792646',0,50.00,'LATE_PAYMENT','YAPE',0.00,'2025-04-29 05:00:00',12,0.00,0.00,'PGDC-0001',0,NULL,NULL,NULL,NULL,'2025-07-08 18:13:17.545298','2025-07-08 18:13:17.551381'),(7,'2025-05-09 12:00:00','01368592',0,40.00,'PAYMENT_DAILY','TRANSFER',0.00,'2025-06-07 05:00:00',13,0.00,40.00,'PGDC-0001',0,NULL,NULL,NULL,NULL,'2025-07-08 18:13:17.545298','2025-07-08 18:13:17.551381'),(9,'2025-05-23 12:00:00','',0,50.00,'PAYMENT_DAILY','CASH',0.00,'2026-04-02 05:00:00',2,0.00,50.00,'PGYR-0001',0,NULL,NULL,NULL,NULL,'2025-07-08 18:13:17.545298','2025-07-08 18:13:17.551381'),(10,'2025-05-24 12:00:00','',0,50.00,'PAYMENT_DAILY','CASH',0.00,'2025-05-25 05:00:00',14,0.00,50.00,'PGJL-0001',0,NULL,NULL,NULL,NULL,'2025-07-08 18:13:17.545298','2025-07-08 18:13:17.551381'),(13,'2025-05-01 12:00:00','Codigo124589',0,50.00,'VOIDED','TRANSFER',0.00,'2025-06-22 05:00:00',16,0.00,50.00,'PGCC-0001',1,'2025-05-30 23:06:05',NULL,NULL,NULL,'2025-07-08 18:13:17.545298','2025-07-08 18:13:17.551381'),(14,'2025-05-29 12:00:00','',0,50.00,'LATE_PAYMENT','CASH',0.00,'2025-05-14 05:00:00',9,0.00,50.00,'PGFM-0002',0,NULL,NULL,NULL,NULL,'2025-07-08 18:13:17.545298','2025-07-08 18:13:17.551381'),(27,'2025-05-09 12:00:00','01368592',0,50.00,'VOIDED','TRANSFER',0.00,'2025-06-24 05:00:00',16,0.00,50.00,'PGCC-0002',1,'2025-05-30 23:04:24',NULL,NULL,NULL,'2025-07-08 18:13:17.545298','2025-07-08 18:13:17.551381'),(28,'2025-05-29 12:00:00','Codigo124589',0,50.00,'PAYMENT_DAILY','TRANSFER',0.00,'2025-06-24 05:00:00',16,0.00,50.00,'PGCC-0003',0,NULL,NULL,NULL,NULL,'2025-07-08 18:13:17.545298','2025-07-08 18:13:17.551381'),(29,'2025-05-30 12:00:00','Codigo124589',0,50.00,'PAYMENT_DAILY','TRANSFER',0.00,'2025-06-24 05:00:00',16,0.00,50.00,'PGCC-0004',0,NULL,NULL,NULL,NULL,'2025-07-08 18:13:17.545298','2025-07-08 18:13:17.551381'),(30,'2025-05-31 12:00:00','Codigo124589',0,50.00,'PAYMENT_DAILY','TRANSFER',0.00,'2025-07-24 05:00:00',16,0.00,50.00,'PGCC-0005',0,NULL,NULL,NULL,NULL,'2025-07-08 18:13:17.545298','2025-07-08 18:13:17.551381'),(31,'2025-05-30 12:00:00','01368592',0,50.00,'VOIDED','TRANSFER',0.00,'2025-05-27 05:00:00',5,0.00,50.00,'PGGE-0001',1,'2025-05-30 23:12:05',NULL,NULL,NULL,'2025-07-08 18:13:17.545298','2025-07-08 18:13:17.551381'),(32,'2025-05-31 12:00:00','01368592',0,50.00,'VOIDED','TRANSFER',0.00,'2025-06-27 05:00:00',5,0.00,50.00,'PGGE-0002',1,'2025-05-30 23:11:20',NULL,NULL,NULL,'2025-07-08 18:13:17.545298','2025-07-08 18:13:17.551381'),(33,'2025-06-06 12:00:00','asd',0,50.00,'VOIDED','TRANSFER',0.00,'2025-07-27 05:00:00',5,0.00,50.00,'PGGE-0003',1,'2025-05-30 23:12:29',NULL,NULL,NULL,'2025-07-08 18:13:17.545298','2025-07-08 18:13:17.551381'),(34,'2025-05-30 12:00:00','Codigo124589',0,50.00,'VOIDED','TRANSFER',0.00,'2025-07-27 05:00:00',5,0.00,50.00,'PGGE-0004',1,'2025-05-30 23:40:27',NULL,NULL,NULL,'2025-07-08 18:13:17.545298','2025-07-08 18:13:17.551381'),(35,'2025-05-23 12:00:00','Codigo124589',0,50.00,'VOIDED','TRANSFER',0.00,'2025-05-16 05:00:00',5,0.00,50.00,'PGGE-0005',1,'2025-05-30 23:43:02',NULL,NULL,NULL,'2025-07-08 18:13:17.545298','2025-07-08 18:13:17.551381'),(36,'2025-05-23 12:00:00','Codigo124589',0,50.00,'VOIDED','TRANSFER',0.00,'2025-06-16 05:00:00',5,0.00,50.00,'PGGE-0006',1,'2025-05-30 23:45:16',NULL,NULL,NULL,'2025-07-08 18:13:17.545298','2025-07-08 18:13:17.551381'),(37,'2025-05-16 12:00:00','Codigo124589',0,50.00,'VOIDED','TRANSFER',0.00,'2025-05-15 05:00:00',49,0.00,50.00,'PGMP-0001',1,'2025-05-30 23:50:31',NULL,NULL,NULL,'2025-07-08 18:13:17.545298','2025-07-08 18:13:17.551381'),(38,'2025-05-24 12:00:00','Codigo124589',0,50.00,'VOIDED','TRANSFER',0.00,'2025-06-15 05:00:00',49,0.00,50.00,'PGMP-0002',1,'2025-05-30 23:49:59',NULL,NULL,NULL,'2025-07-08 18:13:17.545298','2025-07-08 18:13:17.551381'),(39,'2025-05-30 12:00:00','Codigo124589',0,50.00,'VOIDED','TRANSFER',0.00,'2025-07-15 05:00:00',49,0.00,50.00,'PGMP-0003',1,'2025-05-30 23:51:06',NULL,NULL,NULL,'2025-07-08 18:13:17.545298','2025-07-08 18:13:17.551381'),(40,'2025-05-31 12:00:00','Codigo124589',0,50.00,'VOIDED','TRANSFER',0.00,'2025-05-30 05:00:00',50,0.00,50.00,'PGLA-0001',1,'2025-05-31 00:07:31',NULL,NULL,NULL,'2025-07-08 18:13:17.545298','2025-07-08 18:13:17.551381'),(41,'2025-05-31 12:00:00','Codigo124589',0,50.00,'VOIDED','TRANSFER',0.00,'2025-06-30 05:00:00',50,0.00,50.00,'PGLA-0002',1,'2025-05-31 00:06:33',NULL,NULL,NULL,'2025-07-08 18:13:17.545298','2025-07-08 18:13:17.551381'),(42,'2025-05-02 12:00:00','01368592',0,50.00,'VOIDED','TRANSFER',0.00,'2025-05-30 05:00:00',50,0.00,50.00,'PGLA-0003',1,'2025-05-31 00:13:23',NULL,NULL,NULL,'2025-07-08 18:13:17.545298','2025-07-08 18:13:17.551381'),(43,'2025-05-08 12:00:00','Codigo124589',0,50.00,'VOIDED','TRANSFER',0.00,'2025-05-30 05:00:00',50,0.00,50.00,'PGLA-0004',1,'2025-05-31 00:13:47',NULL,NULL,NULL,'2025-07-08 18:13:17.545298','2025-07-08 18:13:17.551381'),(44,'2025-05-15 12:00:00','Codigo124589',0,50.00,'VOIDED','TRANSFER',0.00,'2025-06-29 05:00:00',50,0.00,50.00,'PGLA-0005',1,'2025-05-31 00:15:33',NULL,NULL,NULL,'2025-07-08 18:13:17.545298','2025-07-08 18:13:17.551381'),(45,'2025-05-30 12:00:00','ad',0,50.00,'VOIDED','TRANSFER',0.00,'2025-06-29 05:00:00',50,0.00,50.00,'PGLA-0006',1,'2025-05-31 00:22:10',NULL,NULL,NULL,'2025-07-08 18:13:17.545298','2025-07-08 18:13:17.551381'),(46,'2025-05-30 12:00:00','dsa',0,50.00,'VOIDED','TRANSFER',0.00,'2025-07-28 05:00:00',50,0.00,50.00,'PGLA-0007',1,'2025-05-31 00:21:43',NULL,NULL,NULL,'2025-07-08 18:13:17.545298','2025-07-08 18:13:17.551381'),(47,'2025-05-16 12:00:00','Codigo124589',0,50.00,'PAYMENT_DAILY','TRANSFER',0.00,'2025-06-29 05:00:00',50,0.00,50.00,'PGLA-0008',0,NULL,NULL,NULL,NULL,'2025-07-08 18:13:17.545298','2025-07-08 18:13:17.551381'),(48,'2025-05-31 12:00:00','Codigo124589',0,50.00,'LATE_PAYMENT','TRANSFER',0.00,'2025-05-30 05:00:00',51,0.00,50.00,'PGFC-0001',0,NULL,NULL,NULL,NULL,'2025-07-08 18:13:17.545298','2025-07-08 18:13:17.551381'),(49,'2025-05-09 12:00:00','Codigo124589',0,50.00,'PAYMENT_DAILY','TRANSFER',0.00,'2025-07-29 05:00:00',51,0.00,50.00,'PGFC-0002',0,NULL,NULL,NULL,NULL,'2025-07-08 18:13:17.545298','2025-07-08 18:13:17.551381'),(50,'2025-05-09 12:00:00','01368592',0,50.00,'PAYMENT_DAILY','TRANSFER',0.00,'2025-07-29 05:00:00',51,0.00,50.00,'PGFC-0003',0,NULL,NULL,NULL,NULL,'2025-07-08 18:13:17.545298','2025-07-08 18:13:17.551381'),(51,'2025-05-08 12:00:00','Codigo124589',0,50.00,'PAYMENT_DAILY','TRANSFER',0.00,'2025-07-29 05:00:00',51,0.00,50.00,'PGFC-0004',0,NULL,NULL,NULL,NULL,'2025-07-08 18:13:17.545298','2025-07-08 18:13:17.551381'),(52,'2025-05-18 12:00:00','Codigo124589',0,50.00,'PAYMENT_DAILY','TRANSFER',0.00,'2025-07-29 05:00:00',51,0.00,50.00,'PGFC-0005',0,NULL,NULL,NULL,NULL,'2025-07-08 18:13:17.545298','2025-07-08 18:13:17.551381'),(53,'2025-05-30 12:00:00','Codigo124589',0,50.00,'VOIDED','TRANSFER',0.00,'2025-05-29 05:00:00',52,0.00,50.00,'PGJC-0001',1,'2025-05-31 00:55:48',NULL,NULL,NULL,'2025-07-08 18:13:17.545298','2025-07-08 18:13:17.551381'),(54,'2025-05-30 12:00:00','01368592',0,50.00,'VOIDED','TRANSFER',0.00,'2025-06-29 05:00:00',52,0.00,50.00,'PGJC-0002',1,'2025-05-31 01:23:03',NULL,NULL,NULL,'2025-07-08 18:13:17.545298','2025-07-08 18:13:17.551381'),(55,'2025-05-02 12:00:00','Codigo124589',0,50.00,'VOIDED','TRANSFER',0.00,'2025-07-29 05:00:00',52,0.00,50.00,'PGJC-0003',1,'2025-05-31 01:23:00',NULL,NULL,NULL,'2025-07-08 18:13:17.545298','2025-07-08 18:13:17.551381'),(56,'2025-05-31 12:00:00','Codigo124589',0,50.00,'VOIDED','TRANSFER',0.00,'2025-07-29 05:00:00',52,0.00,50.00,'PGJC-0004',1,'2025-05-31 01:22:56',NULL,NULL,NULL,'2025-07-08 18:13:17.545298','2025-07-08 18:13:17.551381'),(57,'2025-05-31 12:00:00','Codigo124589',0,50.00,'VOIDED','TRANSFER',0.00,'2025-07-29 05:00:00',52,0.00,50.00,'PGJC-0005',1,'2025-05-31 01:22:52',NULL,NULL,NULL,'2025-07-08 18:13:17.545298','2025-07-08 18:13:17.551381'),(58,'2025-05-09 12:00:00','01368592',0,50.00,'VOIDED','TRANSFER',0.00,'2025-07-29 05:00:00',52,0.00,50.00,'PGJC-0006',1,'2025-05-31 01:22:37',NULL,NULL,NULL,'2025-07-08 18:13:17.545298','2025-07-08 18:13:17.551381'),(59,'2025-05-09 12:00:00','Codigo124589',0,50.00,'VOIDED','TRANSFER',0.00,'2025-07-29 05:00:00',52,0.00,50.00,'PGJC-0007',1,'2025-05-31 01:22:34',NULL,NULL,NULL,'2025-07-08 18:13:17.545298','2025-07-08 18:13:17.551381'),(60,'2025-05-09 12:00:00','Codigo124589',0,50.00,'VOIDED','TRANSFER',0.00,'2025-08-28 05:00:00',52,0.00,50.00,'PGJC-0008',1,'2025-05-31 01:22:28',NULL,NULL,NULL,'2025-07-08 18:13:17.545298','2025-07-08 18:13:17.551381'),(61,'2025-05-04 12:00:00','Codigo124589',0,50.00,'VOIDED','TRANSFER',0.00,'2025-09-27 05:00:00',52,0.00,50.00,'PGJC-0009',1,'2025-05-31 01:22:25',NULL,NULL,NULL,'2025-07-08 18:13:17.545298','2025-07-08 18:13:17.551381'),(62,'2025-05-09 12:00:00','Codigo124589',0,50.00,'VOIDED','TRANSFER',0.00,'2025-10-26 05:00:00',52,0.00,50.00,'PGJC-0010',1,'2025-05-31 01:22:20',NULL,NULL,NULL,'2025-07-08 18:13:17.545298','2025-07-08 18:13:17.551381'),(63,'2025-05-16 12:00:00','Codigo124589',0,50.00,'VOIDED','TRANSFER',0.00,'2025-05-29 05:00:00',53,0.00,50.00,'PGKL-0001',1,'2025-05-31 01:22:16',NULL,NULL,NULL,'2025-07-08 18:13:17.545298','2025-07-08 18:13:17.551381'),(64,'2025-05-31 12:00:00','Codigo124589',0,50.00,'VOIDED','TRANSFER',0.00,'2025-06-28 05:00:00',53,0.00,50.00,'PGKL-0002',1,'2025-05-31 01:22:11',NULL,NULL,NULL,'2025-07-08 18:13:17.545298','2025-07-08 18:13:17.551381'),(65,'2025-05-17 12:00:00','Codigo124589',0,50.00,'VOIDED','TRANSFER',0.00,'2025-07-27 05:00:00',53,0.00,50.00,'PGKL-0003',1,'2025-05-31 01:22:07',NULL,NULL,NULL,'2025-07-08 18:13:17.545298','2025-07-08 18:13:17.551381'),(66,'2025-05-31 12:00:00','Codigo124589',0,50.00,'VOIDED','TRANSFER',0.00,'2025-08-26 05:00:00',53,0.00,50.00,'PGKL-0004',1,'2025-05-31 01:22:01',NULL,NULL,NULL,'2025-07-08 18:13:17.545298','2025-07-08 18:13:17.551381'),(67,'2025-05-15 12:00:00','Codigo124589',0,50.00,'VOIDED','TRANSFER',0.00,'2025-09-25 05:00:00',53,0.00,50.00,'PGKL-0005',1,'2025-05-31 01:21:24',NULL,NULL,NULL,'2025-07-08 18:13:17.545298','2025-07-08 18:13:17.551381'),(68,'2025-05-30 12:00:00','Codigo124589',0,50.00,'VOIDED','TRANSFER',0.00,'2025-10-24 05:00:00',53,0.00,50.00,'PGKL-0006',1,'2025-05-31 01:21:55',NULL,NULL,NULL,'2025-07-08 18:13:17.545298','2025-07-08 18:13:17.551381'),(69,'2025-05-24 12:00:00','Codigo124589',0,50.00,'VOIDED','TRANSFER',0.00,'2025-11-23 05:00:00',53,0.00,50.00,'PGKL-0007',1,'2025-05-31 01:21:48',NULL,NULL,NULL,'2025-07-08 18:13:17.545298','2025-07-08 18:13:17.551381'),(70,'2025-05-30 12:00:00','Codigo124589',0,50.00,'PAYMENT_DAILY','TRANSFER',0.00,'2025-06-29 05:00:00',52,0.00,50.00,'PGJC-0011',0,NULL,NULL,NULL,NULL,'2025-07-08 18:13:17.545298','2025-07-08 18:13:17.551381'),(71,'2025-05-09 12:00:00','Codigo124589',0,50.00,'VOIDED','TRANSFER',0.00,'2025-05-30 05:00:00',55,0.00,50.00,'PGFF-0001',1,'2025-05-31 01:38:35',NULL,NULL,NULL,'2025-07-08 18:13:17.545298','2025-07-08 18:13:17.551381'),(72,'2025-05-23 12:00:00','Codigo124589',0,50.00,'VOIDED','TRANSFER',0.00,'2025-06-29 05:00:00',55,0.00,50.00,'PGFF-0002',1,'2025-05-31 01:38:26',NULL,NULL,NULL,'2025-07-08 18:13:17.545298','2025-07-08 18:13:17.551381'),(73,'2025-05-30 05:00:00','Codigo124589',0,50.00,'VOIDED','TRANSFER',0.00,'2025-07-28 05:00:00',55,0.00,50.00,'PGFF-0003',1,'2025-05-31 01:38:20',NULL,NULL,NULL,'2025-07-08 18:13:17.545298','2025-07-08 18:13:17.551381'),(74,'2025-05-03 05:00:00','01368592',0,50.00,'VOIDED','TRANSFER',0.00,'2025-08-28 05:00:00',55,0.00,50.00,'PGFF-0004',1,'2025-05-31 01:38:14',NULL,NULL,NULL,'2025-07-08 18:13:17.545298','2025-07-08 18:13:17.551381'),(75,'2025-05-09 05:00:00','Codigo124589',0,50.00,'PAYMENT_DAILY','TRANSFER',0.00,'2025-06-30 05:00:00',55,0.00,50.00,'PGFF-0005',0,NULL,NULL,NULL,NULL,'2025-07-08 18:13:17.545298','2025-07-08 18:13:17.551381'),(76,'2025-05-30 05:00:00','Codigo1245898',0,50.00,'VOIDED','TRANSFER',0.00,'2025-07-28 05:00:00',52,0.00,50.00,'PGJC-0012',1,'2025-05-31 02:52:55',NULL,NULL,NULL,'2025-07-08 18:13:17.545298','2025-07-08 18:13:17.551381'),(77,'2025-06-02 05:00:00','Codigo124589',1,40.00,'LATE_PAYMENT','TRANSFER',0.00,'2025-05-31 05:00:00',138,10.00,40.00,'PGFK-0001',0,NULL,NULL,NULL,NULL,'2025-07-08 18:13:17.545298','2025-07-08 18:13:17.551381'),(78,'2025-06-01 05:00:00','Codigo124589',0,40.00,'PAYMENT_DAILY','TRANSFER',0.00,'2025-07-01 05:00:00',138,0.00,40.00,'PGFK-0002',0,NULL,NULL,NULL,NULL,'2025-07-08 18:13:17.545298','2025-07-08 18:13:17.551381'),(79,'2025-06-02 05:00:00','Codigo124589',1,50.00,'PAYMENT_DAILY','TRANSFER',0.00,'2025-06-03 05:00:00',137,10.00,50.00,'PGGD-0001',0,NULL,NULL,NULL,NULL,'2025-07-08 18:13:17.545298','2025-07-08 18:13:17.551381'),(80,'2025-06-02 05:00:00','Codigo124589',1,50.00,'PAYMENT_DAILY','TRANSFER',10.00,'2025-07-03 05:00:00',137,10.00,50.00,'PGGD-0002',0,NULL,NULL,NULL,NULL,'2025-07-08 18:13:17.545298','2025-07-08 18:13:17.551381'),(81,'2025-06-01 05:00:00','Codigo124589',0,50.00,'PAYMENT_DAILY','TRANSFER',0.00,'2025-08-03 05:00:00',137,0.00,50.00,'PGGD-0003',0,NULL,NULL,NULL,NULL,'2025-07-08 18:13:17.545298','2025-07-08 18:13:17.551381'),(82,'2025-06-02 05:00:00','asd',1,50.00,'PAYMENT_DAILY','TRANSFER',0.00,'2025-08-01 05:00:00',138,10.00,40.00,'PGFK-0003',0,NULL,NULL,NULL,NULL,'2025-07-08 18:13:17.545298','2025-07-08 18:13:17.551381'),(83,'2025-06-01 05:00:00','Codigo124589',1,48.80,'PAYMENT_DAILY','TRANSFER',1.20,'2025-09-01 05:00:00',138,10.00,40.00,'PGFK-0004',0,NULL,NULL,NULL,NULL,'2025-07-08 18:13:17.545298','2025-07-08 18:13:17.551381'),(84,'2025-06-02 05:00:00','asdasd',0,50.00,'PAYMENT_DAILY','TRANSFER',0.00,'2026-06-03 05:00:00',2,0.00,50.00,'PGYR-0002',0,NULL,NULL,NULL,NULL,'2025-07-08 18:13:17.545298','2025-07-08 18:13:17.551381'),(85,'2025-06-02 05:00:00','f34fddf',0,50.00,'PAYMENT_DAILY','TRANSFER',0.00,'2025-07-03 05:00:00',3,0.00,50.00,'PGMR-0001',0,NULL,NULL,NULL,NULL,'2025-07-08 18:13:17.545298','2025-07-08 18:13:17.551381'),(86,'2025-06-02 05:00:00','f34fddf',0,50.00,'PAYMENT_DAILY','TRANSFER',0.00,'2025-06-02 05:00:00',1,0.00,50.00,'PGMC-0001',0,NULL,NULL,NULL,NULL,'2025-07-08 18:13:17.545298','2025-07-08 18:13:17.551381'),(87,'2025-06-06 05:00:00','Codigo124589',1,59.00,'LATE_PAYMENT','TRANSFER',1.00,'2025-06-03 05:00:00',4,10.00,50.00,'PGEM-0001',0,NULL,NULL,NULL,NULL,'2025-07-08 18:13:17.545298','2025-07-08 18:13:17.551381'),(88,'2025-06-06 05:00:00','',0,50.00,'PAYMENT_DAILY','TRANSFER',0.00,'2025-07-03 05:00:00',4,0.00,50.00,'PGEM-0002',0,NULL,NULL,NULL,NULL,'2025-07-08 18:13:17.545298','2025-07-08 18:13:17.551381');
/*!40000 ALTER TABLE `payments` ENABLE KEYS */;
UNLOCK TABLES;

--
-- Table structure for table `permissions`
--

DROP TABLE IF EXISTS `permissions`;
/*!40101 SET @saved_cs_client     = @@character_set_client */;
/*!50503 SET character_set_client = utf8mb4 */;
CREATE TABLE `permissions` (
  `id` int(11) NOT NULL AUTO_INCREMENT,
  `name` varchar(255) NOT NULL,
  `routeCode` varchar(255) NOT NULL,
  `actions` text DEFAULT NULL,
  `restrictions` text DEFAULT NULL,
  `isSubRoute` tinyint(4) NOT NULL DEFAULT 0,
  `created_at` timestamp(6) NOT NULL DEFAULT current_timestamp(6),
  `updated_at` timestamp(6) NOT NULL DEFAULT current_timestamp(6) ON UPDATE current_timestamp(6),
  PRIMARY KEY (`id`)
) ENGINE=InnoDB DEFAULT CHARSET=utf8mb4 COLLATE=utf8mb4_spanish2_ci;
/*!40101 SET character_set_client = @saved_cs_client */;

--
-- Dumping data for table `permissions`
--

LOCK TABLES `permissions` WRITE;
/*!40000 ALTER TABLE `permissions` DISABLE KEYS */;
/*!40000 ALTER TABLE `permissions` ENABLE KEYS */;
UNLOCK TABLES;

--
-- Table structure for table `plans`
--

DROP TABLE IF EXISTS `plans`;
/*!40101 SET @saved_cs_client     = @@character_set_client */;
/*!50503 SET character_set_client = utf8mb4 */;
CREATE TABLE `plans` (
  `id` int(11) NOT NULL AUTO_INCREMENT,
  `name` varchar(255) DEFAULT NULL,
  `price` decimal(10,2) NOT NULL,
  `description` varchar(255) DEFAULT NULL,
  `speed` int(11) DEFAULT NULL,
  `created_at` timestamp(6) NOT NULL DEFAULT current_timestamp(6),
  `update_at` timestamp(6) NOT NULL DEFAULT current_timestamp(6) ON UPDATE current_timestamp(6),
  `serviceId` int(11) DEFAULT NULL,
  PRIMARY KEY (`id`)
) ENGINE=InnoDB AUTO_INCREMENT=4 DEFAULT CHARSET=utf8mb4 COLLATE=utf8mb4_spanish2_ci;
/*!40101 SET character_set_client = @saved_cs_client */;

--
-- Dumping data for table `plans`
--

LOCK TABLES `plans` WRITE;
/*!40000 ALTER TABLE `plans` DISABLE KEYS */;
INSERT INTO `plans` VALUES (1,'PLAN 40',40.00,'PLAN ECONOMICO',10,'2025-05-05 09:38:17.223122','2025-05-09 18:59:50.000000',1),(2,'Plan 100 Mbs',50.00,'',100,'2025-05-05 11:54:13.259014','2025-05-05 11:54:13.259014',2),(3,'PLAN 50',50.00,'',10,'2025-05-05 20:27:40.539880','2025-05-05 20:27:40.539880',1);
/*!40000 ALTER TABLE `plans` ENABLE KEYS */;
UNLOCK TABLES;

--
-- Table structure for table `role-has-permissions`
--

DROP TABLE IF EXISTS `role-has-permissions`;
/*!40101 SET @saved_cs_client     = @@character_set_client */;
/*!50503 SET character_set_client = utf8mb4 */;
CREATE TABLE `role-has-permissions` (
  `id` int(11) NOT NULL AUTO_INCREMENT,
  `name` varchar(255) NOT NULL,
  `routeCode` varchar(255) NOT NULL,
  `actions` text DEFAULT NULL,
  `restrictions` text DEFAULT NULL,
  `isSubRoute` tinyint(4) NOT NULL DEFAULT 0,
  `created_at` timestamp(6) NOT NULL DEFAULT current_timestamp(6),
  `updated_at` timestamp(6) NOT NULL DEFAULT current_timestamp(6) ON UPDATE current_timestamp(6),
  `permissionId` int(11) DEFAULT NULL,
  `roleId` int(11) DEFAULT NULL,
  PRIMARY KEY (`id`)
) ENGINE=InnoDB DEFAULT CHARSET=utf8mb4 COLLATE=utf8mb4_spanish2_ci;
/*!40101 SET character_set_client = @saved_cs_client */;

--
-- Dumping data for table `role-has-permissions`
--

LOCK TABLES `role-has-permissions` WRITE;
/*!40000 ALTER TABLE `role-has-permissions` DISABLE KEYS */;
/*!40000 ALTER TABLE `role-has-permissions` ENABLE KEYS */;
UNLOCK TABLES;

--
-- Table structure for table `roles`
--

DROP TABLE IF EXISTS `roles`;
/*!40101 SET @saved_cs_client     = @@character_set_client */;
/*!50503 SET character_set_client = utf8mb4 */;
CREATE TABLE `roles` (
  `id` int(11) NOT NULL AUTO_INCREMENT,
  `name` varchar(255) NOT NULL,
  `description` varchar(255) DEFAULT NULL,
  `allowAll` tinyint(4) NOT NULL DEFAULT 0,
  `isPublic` tinyint(4) NOT NULL DEFAULT 0,
  `created_at` timestamp(6) NOT NULL DEFAULT current_timestamp(6),
  `updated_at` timestamp(6) NOT NULL DEFAULT current_timestamp(6) ON UPDATE current_timestamp(6),
  PRIMARY KEY (`id`)
) ENGINE=InnoDB AUTO_INCREMENT=2 DEFAULT CHARSET=utf8mb4 COLLATE=utf8mb4_spanish2_ci;
/*!40101 SET character_set_client = @saved_cs_client */;

--
-- Dumping data for table `roles`
--

LOCK TABLES `roles` WRITE;
/*!40000 ALTER TABLE `roles` DISABLE KEYS */;
INSERT INTO `roles` VALUES (1,'Admin','Administrator role with full access',1,0,'2025-05-05 08:08:56.419453','2025-05-05 08:08:56.419453');
/*!40000 ALTER TABLE `roles` ENABLE KEYS */;
UNLOCK TABLES;

--
-- Table structure for table `sectors`
--

DROP TABLE IF EXISTS `sectors`;
/*!40101 SET @saved_cs_client     = @@character_set_client */;
/*!50503 SET character_set_client = utf8mb4 */;
CREATE TABLE `sectors` (
  `id` int(11) NOT NULL AUTO_INCREMENT,
  `name` varchar(255) NOT NULL,
  `description` varchar(255) DEFAULT NULL,
  `created_at` timestamp(6) NOT NULL DEFAULT current_timestamp(6),
  `updated_at` timestamp(6) NOT NULL DEFAULT current_timestamp(6) ON UPDATE current_timestamp(6),
  PRIMARY KEY (`id`),
  UNIQUE KEY `IDX_1a10b192342e5165948f4dccef` (`name`)
) ENGINE=InnoDB AUTO_INCREMENT=11 DEFAULT CHARSET=utf8mb4 COLLATE=utf8mb4_spanish2_ci;
/*!40101 SET character_set_client = @saved_cs_client */;

--
-- Dumping data for table `sectors`
--

LOCK TABLES `sectors` WRITE;
/*!40000 ALTER TABLE `sectors` DISABLE KEYS */;
INSERT INTO `sectors` VALUES (1,'Tarica','','2025-05-05 09:37:34.625280','2025-05-09 14:53:01.000000'),(2,'Huantallon','','2025-05-05 11:44:28.710606','2025-05-05 11:44:28.710606'),(3,'Mullaca','','2025-05-05 11:44:58.332958','2025-05-05 11:44:58.332958'),(4,'Uchuyacu','','2025-05-05 11:45:37.326344','2025-05-05 11:45:37.326344'),(5,'Santa Rosa','','2025-05-05 11:46:02.465900','2025-05-05 11:46:02.465900'),(6,'Monterrey','','2025-05-05 11:46:45.187081','2025-05-05 11:46:45.187081'),(7,'Chavin','','2025-05-05 11:47:21.925758','2025-05-05 11:47:21.925758'),(8,'Carianpampa','','2025-05-05 11:48:03.703310','2025-05-05 11:48:03.703310'),(9,'San Miguel','','2025-05-05 20:28:04.737306','2025-05-05 20:28:04.737306'),(10,'Tumpa','','2025-05-05 20:28:14.581744','2025-05-05 20:28:14.581744');
/*!40000 ALTER TABLE `sectors` ENABLE KEYS */;
UNLOCK TABLES;

--
-- Table structure for table `service`
--

DROP TABLE IF EXISTS `service`;
/*!40101 SET @saved_cs_client     = @@character_set_client */;
/*!50503 SET character_set_client = utf8mb4 */;
CREATE TABLE `service` (
  `id` int(11) NOT NULL AUTO_INCREMENT,
  `name` varchar(255) NOT NULL,
  `description` varchar(255) DEFAULT NULL,
  `status` enum('ACTIVE','INACTIVE') NOT NULL,
  `created_at` timestamp(6) NOT NULL DEFAULT current_timestamp(6),
  `update_at` timestamp(6) NOT NULL DEFAULT current_timestamp(6) ON UPDATE current_timestamp(6),
  PRIMARY KEY (`id`)
) ENGINE=InnoDB AUTO_INCREMENT=3 DEFAULT CHARSET=utf8mb4 COLLATE=utf8mb4_spanish2_ci;
/*!40101 SET character_set_client = @saved_cs_client */;

--
-- Dumping data for table `service`
--

LOCK TABLES `service` WRITE;
/*!40000 ALTER TABLE `service` DISABLE KEYS */;
INSERT INTO `service` VALUES (1,'Internet Inalambrico','Inalambrico','ACTIVE','2025-05-05 09:37:51.804630','2025-05-05 09:37:51.804630'),(2,'Fibra Óptica','','ACTIVE','2025-05-05 11:43:17.640734','2025-05-05 11:43:17.640734');
/*!40000 ALTER TABLE `service` ENABLE KEYS */;
UNLOCK TABLES;

--
-- Table structure for table `services`
--

DROP TABLE IF EXISTS `services`;
/*!40101 SET @saved_cs_client     = @@character_set_client */;
/*!50503 SET character_set_client = utf8mb4 */;
CREATE TABLE `services` (
  `id` int(11) NOT NULL AUTO_INCREMENT,
  `name` varchar(255) NOT NULL,
  `description` varchar(255) DEFAULT NULL,
  `status` enum('ACTIVE','INACTIVE') NOT NULL,
  `created_at` timestamp(6) NOT NULL DEFAULT current_timestamp(6),
  `updated_at` timestamp(6) NOT NULL DEFAULT current_timestamp(6) ON UPDATE current_timestamp(6),
  PRIMARY KEY (`id`)
) ENGINE=InnoDB DEFAULT CHARSET=utf8mb4 COLLATE=utf8mb4_spanish2_ci;
/*!40101 SET character_set_client = @saved_cs_client */;

--
-- Dumping data for table `services`
--

LOCK TABLES `services` WRITE;
/*!40000 ALTER TABLE `services` DISABLE KEYS */;
/*!40000 ALTER TABLE `services` ENABLE KEYS */;
UNLOCK TABLES;

--
-- Table structure for table `user`
--

DROP TABLE IF EXISTS `user`;
/*!40101 SET @saved_cs_client     = @@character_set_client */;
/*!50503 SET character_set_client = utf8mb4 */;
CREATE TABLE `user` (
  `id` int(11) NOT NULL AUTO_INCREMENT,
  `name` varchar(255) DEFAULT NULL,
  `surname` varchar(255) DEFAULT NULL,
  `documentType` varchar(255) NOT NULL,
  `documentNumber` varchar(255) NOT NULL,
  `username` varchar(255) NOT NULL,
  `email` varchar(255) NOT NULL,
  `phone` varchar(255) DEFAULT NULL,
  `password` varchar(255) DEFAULT NULL,
  `isActive` tinyint(4) NOT NULL DEFAULT 1,
  `created_at` timestamp(6) NOT NULL DEFAULT current_timestamp(6),
  `updated_at` timestamp(6) NOT NULL DEFAULT current_timestamp(6) ON UPDATE current_timestamp(6),
  `roleId` int(11) DEFAULT NULL,
  PRIMARY KEY (`id`),
  UNIQUE KEY `IDX_78a916df40e02a9deb1c4b75ed` (`username`),
  UNIQUE KEY `IDX_e12875dfb3b1d92d7d7c5377e2` (`email`),
  UNIQUE KEY `IDX_8e1f623798118e629b46a9e629` (`phone`),
  KEY `FK_c28e52f758e7bbc53828db92194` (`roleId`),
  CONSTRAINT `FK_c28e52f758e7bbc53828db92194` FOREIGN KEY (`roleId`) REFERENCES `roles` (`id`) ON DELETE SET NULL ON UPDATE CASCADE
) ENGINE=InnoDB AUTO_INCREMENT=3 DEFAULT CHARSET=utf8mb4 COLLATE=utf8mb4_spanish2_ci;
/*!40101 SET character_set_client = @saved_cs_client */;

--
-- Dumping data for table `user`
--

LOCK TABLES `user` WRITE;
/*!40000 ALTER TABLE `user` DISABLE KEYS */;
INSERT INTO `user` VALUES (1,'GRUPO','Hemmy','DNI','12345678','admin','grupohemmy@gmail.com','974834831','$2b$10$y2gyKjwLWvW2C7.PCYk4ju9VhHqQ/Ucq5zO2Zg2TVxfxFEtVxGOU6',1,'2025-05-05 08:08:56.851207','2025-05-08 18:27:59.000000',1),(2,'Admin','Hemmy','DNI','12345678','hemicha','admin@hemmy.com','999999999','$2b$10$AxUzbZyYinaWyO9ab08hruHedpMJaM5Co5r2f2CjmkhuccD4mRPQe',1,'2025-05-08 21:38:58.791361','2025-05-08 21:38:58.791361',1);
/*!40000 ALTER TABLE `user` ENABLE KEYS */;
UNLOCK TABLES;

--
-- Table structure for table `users`
--

DROP TABLE IF EXISTS `users`;
/*!40101 SET @saved_cs_client     = @@character_set_client */;
/*!50503 SET character_set_client = utf8mb4 */;
CREATE TABLE `users` (
  `id` int(11) NOT NULL AUTO_INCREMENT,
  `name` varchar(255) DEFAULT NULL,
  `surname` varchar(255) DEFAULT NULL,
  `documentType` varchar(255) NOT NULL,
  `documentNumber` varchar(255) NOT NULL,
  `username` varchar(255) NOT NULL,
  `email` varchar(255) NOT NULL,
  `phone` varchar(255) DEFAULT NULL,
  `password` varchar(255) DEFAULT NULL,
  `isActive` tinyint(4) NOT NULL DEFAULT 1,
  `created_at` timestamp(6) NOT NULL DEFAULT current_timestamp(6),
  `updated_at` timestamp(6) NOT NULL DEFAULT current_timestamp(6) ON UPDATE current_timestamp(6),
  `roleId` int(11) DEFAULT NULL,
  PRIMARY KEY (`id`),
  UNIQUE KEY `IDX_fe0bb3f6520ee0469504521e71` (`username`),
  UNIQUE KEY `IDX_97672ac88f789774dd47f7c8be` (`email`),
  UNIQUE KEY `IDX_a000cca60bcf04454e72769949` (`phone`)
) ENGINE=InnoDB AUTO_INCREMENT=2 DEFAULT CHARSET=utf8mb4 COLLATE=utf8mb4_spanish2_ci;
/*!40101 SET character_set_client = @saved_cs_client */;

--
-- Dumping data for table `users`
--

LOCK TABLES `users` WRITE;
/*!40000 ALTER TABLE `users` DISABLE KEYS */;
INSERT INTO `users` VALUES (1,'Admin','Hemmy','DNI','12345678','hemicha','admin@hemmy.com','999999999','$2b$10$p9X5A6IG8dFSvyBGJJgede7f3QdVrbVZrytwSbsUh9CsI/A4rSdRq',1,'2025-07-08 18:29:28.869180','2025-07-08 18:29:28.869180',1);
/*!40000 ALTER TABLE `users` ENABLE KEYS */;
UNLOCK TABLES;

--
-- Dumping routines for database 'group_hemmy'
--
/*!40103 SET TIME_ZONE=@OLD_TIME_ZONE */;

/*!40101 SET SQL_MODE=@OLD_SQL_MODE */;
/*!40014 SET FOREIGN_KEY_CHECKS=@OLD_FOREIGN_KEY_CHECKS */;
/*!40014 SET UNIQUE_CHECKS=@OLD_UNIQUE_CHECKS */;
/*!40101 SET CHARACTER_SET_CLIENT=@OLD_CHARACTER_SET_CLIENT */;
/*!40101 SET CHARACTER_SET_RESULTS=@OLD_CHARACTER_SET_RESULTS */;
/*!40101 SET COLLATION_CONNECTION=@OLD_COLLATION_CONNECTION */;
/*!40111 SET SQL_NOTES=@OLD_SQL_NOTES */;

-- Dump completed on 2025-07-08 14:14:06
